group,crop,subtype,Kc_ini,Kc_mid,Kc_end,Kc_ini_value,Kc_mid_value,Kc_end_value,max_height_m,source
a. Small Vegetables,Broccoli,,0.7,1.05,0.95,0.7,1.05,0.95,0.3,"FAO-56 Table 12 (Allen et al. 1998); Kc_mid/Kc_end for sub-humid climate (RHmin 45%, u2 2 m/s)"
a. Small Vegetables,Brussel Sprouts,,0.7,1.05,0.95,0.7,1.05,0.95,0.4,"FAO-56 Table 12 (Allen et al. 1998); Kc_mid/Kc_end for sub-humid climate (RHmin 45%, u2 2 m/s)"
a. Small Vegetables,Cabbage,,0.7,1.05,0.95,0.7,1.05,0.95,0.4,"FAO-56 Table 12 (Allen et al. 1998); Kc_mid/Kc_end for sub-humid climate (RHmin 45%, u2 2 m/s)"
a. Small Vegetables,Carrots,,0.7,1.05,0.95,0.7,1.05,0.95,0.3,"FAO-56 Table 12 (Allen et al. 1998); Kc_mid/Kc_end for sub-humid climate (RHmin 45%, u2 2 m/s)"
a. Small Vegetables,Cauliflower,,0.7,1.05,0.95,0.7,1.05,0.95,0.4,"FAO-56 Table 12 (Allen et al. 1998); Kc_mid/Kc_end for sub-humid climate (RHmin 45%, u2 2 m/s)"
a. Small Vegetables,Celery,,0.7,1.05,1.00,0.7,1.05,1.0,0.6,"FAO-56 Table 12 (Allen et al. 1998); Kc_mid/Kc_end for sub-humid climate (RHmin 45%, u2 2 m/s)"
a. Small Vegetables,Garlic,,0.7,1.00,0.70,0.7,1.0,0.7,0.3,"FAO-56 Table 12 (Allen et al. 1998); Kc_mid/Kc_end for sub-humid climate (RHmin 45%, u2 2 m/s)"
a. Small Vegetables,Lettuce,,0.7,1.00,0.95,0.7,1.0,0.95,0.3,"FAO-56 Table 12 (Allen et al. 1998); Kc_mid/Kc_end for sub-humid climate (RHmin 45%, u2 2 m/s)"
a. Small Vegetables,Onions,,0.7,,,0.7,,,,"FAO-56 Table 12 (Allen et al. 1998); Kc_mid/Kc_end for sub-humid climate (RHmin 45%, u2 2 m/s)"
a. Small Vegetables,Onions,- dry,0.7,1.05,0.75,0.7,1.05,0.75,0.4,"FAO-56 Table 12 (Allen et al. 1998); Kc_mid/Kc_end for sub-humid climate (RHmin 45%, u2 2 m/s)"
a. Small Vegetables,Onions,- green,0.7,1.00,1.00,0.7,1.0,1.0,0.3,"FAO-56 Table 12 (Allen et al. 1998); Kc_mid/Kc_end for sub-humid climate (RHmin 45%, u2 2 m/s)"
a. Small Vegetables,Onions,- seed,0.7,1.05,0.80,0.7,1.05,0.8,0.5,"FAO-56 Table 12 (Allen et al. 1998); Kc_mid/Kc_end for sub-humid climate (RHmin 45%, u2 2 m/s)"
a. Small Vegetables,Spinach,,0.7,1.00,0.95,0.7,1.0,0.95,0.3,"FAO-56 Table 12 (Allen et al. 1998); Kc_mid/Kc_end for sub-humid climate (RHmin 45%, u2 2 m/s)"
a. Small Vegetables,Radish,,0.7,0.90,0.85,0.7,0.9,0.85,0.3,"FAO-56 Table 12 (Allen et al. 1998); Kc_mid/Kc_end for sub-humid climate (RHmin 45%, u2 2 m/s)"
b. Vegetables - Solanum Family (Solanaceae),Egg Plant,,0.6,1.05,0.90,0.6,1.05,0.9,0.8,"FAO-56 Table 12 (Allen et al. 1998); Kc_mid/Kc_end for sub-humid climate (RHmin 45%, u2 2 m/s)"
b. Vegetables - Solanum Family (Solanaceae),Sweet Peppers (bell),,0.6,1.05,0.90,0.6,1.05,0.9,0.7,"FAO-56 Table 12 (Allen et al. 1998); Kc_mid/Kc_end for sub-humid climate (RHmin 45%, u2 2 m/s)"
b. Vegetables - Solanum Family (Solanaceae),Tomato,,0.6,1.15,0.70-0.90,0.6,1.15,0.8,0.6,"FAO-56 Table 12 (Allen et al. 1998); Kc_mid/Kc_end for sub-humid climate (RHmin 45%, u2 2 m/s)"
c. Vegetables - Cucumber Family (Cucurbitaceae),Cantaloupe,,0.5,0.85,0.60,0.5,0.85,0.6,0.3,"FAO-56 Table 12 (Allen et al. 1998); Kc_mid/Kc_end for sub-humid climate (RHmin 45%, u2 2 m/s)"
c. Vegetables - Cucumber Family (Cucurbitaceae),Cucumber,,0.5,,,0.5,,,,"FAO-56 Table 12 (Allen et al. 1998); Kc_mid/Kc_end for sub-humid climate (RHmin 45%, u2 2 m/s)"
c. Vegetables - Cucumber Family (Cucurbitaceae),Cucumber,- Fresh Market,0.6,1.00,0.75,0.6,1.0,0.75,0.3,"FAO-56 Table 12 (Allen et al. 1998); Kc_mid/Kc_end for sub-humid climate (RHmin 45%, u2 2 m/s)"
c. Vegetables - Cucumber Family (Cucurbitaceae),Cucumber,- Machine harvest,0.5,1.00,0.90,0.5,1.0,0.9,0.3,"FAO-56 Table 12 (Allen et al. 1998); Kc_mid/Kc_end for sub-humid climate (RHmin 45%, u2 2 m/s)"
c. Vegetables - Cucumber Family (Cucurbitaceae),"Pumpkin, Winter Squash",,0.5,1.00,0.80,0.5,1.0,0.8,0.4,"FAO-56 Table 12 (Allen et al. 1998); Kc_mid/Kc_end for sub-humid climate (RHmin 45%, u2 2 m/s)"
c. Vegetables - Cucumber Family (Cucurbitaceae),"Squash, Zucchini",,0.5,0.95,0.75,0.5,0.95,0.75,0.3,"FAO-56 Table 12 (Allen et al. 1998); Kc_mid/Kc_end for sub-humid climate (RHmin 45%, u2 2 m/s)"
c. Vegetables - Cucumber Family (Cucurbitaceae),Sweet Melons,,0.5,1.05,0.75,0.5,1.05,0.75,0.4,"FAO-56 Table 12 (Allen et al. 1998); Kc_mid/Kc_end for sub-humid climate (RHmin 45%, u2 2 m/s)"
c. Vegetables - Cucumber Family (Cucurbitaceae),Watermelon,,0.4,1.00,0.75,0.4,1.0,0.75,0.4,"FAO-56 Table 12 (Allen et al. 1998); Kc_mid/Kc_end for sub-humid climate (RHmin 45%, u2 2 m/s)"
d. Roots and Tubers,"Beets, table",,0.5,1.05,0.95,0.5,1.05,0.95,0.4,"FAO-56 Table 12 (Allen et al. 1998); Kc_mid/Kc_end for sub-humid climate (RHmin 45%, u2 2 m/s)"
d. Roots and Tubers,Cassava,,0.5,,,0.5,,,,"FAO-56 Table 12 (Allen et al. 1998); Kc_mid/Kc_end for sub-humid climate (RHmin 45%, u2 2 m/s)"
d. Roots and Tubers,Cassava,- year 1,0.3,0.80,0.30,0.3,0.8,0.3,1.0,"FAO-56 Table 12 (Allen et al. 1998); Kc_mid/Kc_end for sub-humid climate (RHmin 45%, u2 2 m/s)"
d. Roots and Tubers,Cassava,- year 2,0.3,1.10,0.50,0.3,1.1,0.5,1.5,"FAO-56 Table 12 (Allen et al. 1998); Kc_mid/Kc_end for sub-humid climate (RHmin 45%, u2 2 m/s)"
d. Roots and Tubers,Parsnip,,0.5,1.05,0.95,0.5,1.05,0.95,0.4,"FAO-56 Table 12 (Allen et al. 1998); Kc_mid/Kc_end for sub-humid climate (RHmin 45%, u2 2 m/s)"
d. Roots and Tubers,Potato,,0.5,1.15,0.75,0.5,1.15,0.75,0.6,"FAO-56 Table 12 (Allen et al. 1998); Kc_mid/Kc_end for sub-humid climate (RHmin 45%, u2 2 m/s)"
d. Roots and Tubers,Sweet Potato,,0.5,1.15,0.65,0.5,1.15,0.65,0.4,"FAO-56 Table 12 (Allen et al. 1998); Kc_mid/Kc_end for sub-humid climate (RHmin 45%, u2 2 m/s)"
d. Roots and Tubers,Turnip (and Rutabaga),,0.5,1.10,0.95,0.5,1.1,0.95,0.6,"FAO-56 Table 12 (Allen et al. 1998); Kc_mid/Kc_end for sub-humid climate (RHmin 45%, u2 2 m/s)"
d. Roots and Tubers,Sugar Beet,,0.35,1.20,0.70,0.35,1.2,0.7,0.5,"FAO-56 Table 12 (Allen et al. 1998); Kc_mid/Kc_end for sub-humid climate (RHmin 45%, u2 2 m/s)"
e. Legumes (Leguminosae),"Beans, green",,0.5,1.05,0.90,0.5,1.05,0.9,0.4,"FAO-56 Table 12 (Allen et al. 1998); Kc_mid/Kc_end for sub-humid climate (RHmin 45%, u2 2 m/s)"
e. Legumes (Leguminosae),"Beans, dry and Pulses",,0.4,1.15,0.35,0.4,1.15,0.35,0.4,"FAO-56 Table 12 (Allen et al. 1998); Kc_mid/Kc_end for sub-humid climate (RHmin 45%, u2 2 m/s)"
e. Legumes (Leguminosae),Chick pea,,0.4,1.00,0.35,0.4,1.0,0.35,0.4,"FAO-56 Table 12 (Allen et al. 1998); Kc_mid/Kc_end for sub-humid climate (RHmin 45%, u2 2 m/s)"
e. Legumes (Leguminosae),Fababean (broad bean),,0.4,,,0.4,,,,"FAO-56 Table 12 (Allen et al. 1998); Kc_mid/Kc_end for sub-humid climate (RHmin 45%, u2 2 m/s)"
e. Legumes (Leguminosae),Fababean (broad bean),- Fresh,0.5,1.15,1.10,0.5,1.15,1.1,0.8,"FAO-56 Table 12 (Allen et al. 1998); Kc_mid/Kc_end for sub-humid climate (RHmin 45%, u2 2 m/s)"
e. Legumes (Leguminosae),Fababean (broad bean),- Dry/Seed,0.5,1.15,0.30,0.5,1.15,0.3,0.8,"FAO-56 Table 12 (Allen et al. 1998); Kc_mid/Kc_end for sub-humid climate (RHmin 45%, u2 2 m/s)"
e. Legumes (Leguminosae),Grabanzo,,0.4,1.15,0.35,0.4,1.15,0.35,0.8,"FAO-56 Table 12 (Allen et al. 1998); Kc_mid/Kc_end for sub-humid climate (RHmin 45%, u2 2 m/s)"
e. Legumes (Leguminosae),Green Gram and Cowpeas,,0.4,1.05,0.60-0.35,0.4,1.05,0.475,0.4,"FAO-56 Table 12 (Allen et al. 1998); Kc_mid/Kc_end for sub-humid climate (RHmin 45%, u2 2 m/s)"
e. Legumes (Leguminosae),Groundnut (Peanut),,0.4,1.15,0.60,0.4,1.15,0.6,0.4,"FAO-56 Table 12 (Allen et al. 1998); Kc_mid/Kc_end for sub-humid climate (RHmin 45%, u2 2 m/s)"
e. Legumes (Leguminosae),Lentil,,0.4,1.10,0.30,0.4,1.1,0.3,0.5,"FAO-56 Table 12 (Allen et al. 1998); Kc_mid/Kc_end for sub-humid climate (RHmin 45%, u2 2 m/s)"
e. Legumes (Leguminosae),Peas,,0.4,,,0.4,,,,"FAO-56 Table 12 (Allen et al. 1998); Kc_mid/Kc_end for sub-humid climate (RHmin 45%, u2 2 m/s)"
e. Legumes (Leguminosae),Peas,- Fresh,0.5,1.15,1.10,0.5,1.15,1.1,0.5,"FAO-56 Table 12 (Allen et al. 1998); Kc_mid/Kc_end for sub-humid climate (RHmin 45%, u2 2 m/s)"
e. Legumes (Leguminosae),Peas,- Dry/Seed,0.4,1.15,0.30,0.4,1.15,0.3,0.5,"FAO-56 Table 12 (Allen et al. 1998); Kc_mid/Kc_end for sub-humid climate (RHmin 45%, u2 2 m/s)"
e. Legumes (Leguminosae),Soybeans,,0.4,1.15,0.50,0.4,1.15,0.5,0.5-1.0,"FAO-56 Table 12 (Allen et al. 1998); Kc_mid/Kc_end for sub-humid climate (RHmin 45%, u2 2 m/s)"
f. Perennial Vegetables (with winter dormancy and initially bare or mulched soil),Artichokes,,0.5,1.00,0.95,0.5,1.0,0.95,0.7,"FAO-56 Table 12 (Allen et al. 1998); Kc_mid/Kc_end for sub-humid climate (RHmin 45%, u2 2 m/s)"
f. Perennial Vegetables (with winter dormancy and initially bare or mulched soil),Asparagus,,0.5,0.95,0.30,0.5,0.95,0.3,0.2-0.8,"FAO-56 Table 12 (Allen et al. 1998); Kc_mid/Kc_end for sub-humid climate (RHmin 45%, u2 2 m/s)"
f. Perennial Vegetables (with winter dormancy and initially bare or mulched soil),Mint,,0.60,1.15,1.10,0.6,1.15,1.1,0.6-0.8,"FAO-56 Table 12 (Allen et al. 1998); Kc_mid/Kc_end for sub-humid climate (RHmin 45%, u2 2 m/s)"
f. Perennial Vegetables (with winter dormancy and initially bare or mulched soil),Strawberries,,0.40,0.85,0.75,0.4,0.85,0.75,0.2,"FAO-56 Table 12 (Allen et al. 1998); Kc_mid/Kc_end for sub-humid climate (RHmin 45%, u2 2 m/s)"
g. Fibre Crops,Cotton,,0.35,1.15-1.20,0.70-0.50,0.35,1.1749999999999998,0.6,1.2-1.5,"FAO-56 Table 12 (Allen et al. 1998); Kc_mid/Kc_end for sub-humid climate (RHmin 45%, u2 2 m/s)"
g. Fibre Crops,Flax,,0.35,1.10,0.25,0.35,1.1,0.25,1.2,"FAO-56 Table 12 (Allen et al. 1998); Kc_mid/Kc_end for sub-humid climate (RHmin 45%, u2 2 m/s)"
g. Fibre Crops,Sisal,,0.35,0.4-0.7,0.4-0.7,0.35,0.55,0.55,1.5,"FAO-56 Table 12 (Allen et al. 1998); Kc_mid/Kc_end for sub-humid climate (RHmin 45%, u2 2 m/s)"
h. Oil Crops,Castorbean (Ricinus),,0.35,1.15,0.55,0.35,1.15,0.55,0.3,"FAO-56 Table 12 (Allen et al. 1998); Kc_mid/Kc_end for sub-humid climate (RHmin 45%, u2 2 m/s)"
h. Oil Crops,"Rapeseed, Canola",,0.35,1.0-1.15,0.35,0.35,1.075,0.35,0.6,"FAO-56 Table 12 (Allen et al. 1998); Kc_mid/Kc_end for sub-humid climate (RHmin 45%, u2 2 m/s)"
h. Oil Crops,Safflower,,0.35,1.0-1.15,0.25,0.35,1.075,0.25,0.8,"FAO-56 Table 12 (Allen et al. 1998); Kc_mid/Kc_end for sub-humid climate (RHmin 45%, u2 2 m/s)"
h. Oil Crops,Sesame,,0.35,1.10,0.25,0.35,1.1,0.25,1.0,"FAO-56 Table 12 (Allen et al. 1998); Kc_mid/Kc_end for sub-humid climate (RHmin 45%, u2 2 m/s)"
h. Oil Crops,Sunflower,,0.35,1.0-1.15,0.35,0.35,1.075,0.35,2.0,"FAO-56 Table 12 (Allen et al. 1998); Kc_mid/Kc_end for sub-humid climate (RHmin 45%, u2 2 m/s)"
i. Cereals,Barley,,0.3,1.15,0.25,0.3,1.15,0.25,1,"FAO-56 Table 12 (Allen et al. 1998); Kc_mid/Kc_end for sub-humid climate (RHmin 45%, u2 2 m/s)"
i. Cereals,Oats,,0.3,1.15,0.25,0.3,1.15,0.25,1,"FAO-56 Table 12 (Allen et al. 1998); Kc_mid/Kc_end for sub-humid climate (RHmin 45%, u2 2 m/s)"
i. Cereals,Spring Wheat,,0.3,1.15,0.25-0.4,0.3,1.15,0.325,1,"FAO-56 Table 12 (Allen et al. 1998); Kc_mid/Kc_end for sub-humid climate (RHmin 45%, u2 2 m/s)"
i. Cereals,Winter Wheat,,0.3,,,0.3,,,,"FAO-56 Table 12 (Allen et al. 1998); Kc_mid/Kc_end for sub-humid climate (RHmin 45%, u2 2 m/s)"
i. Cereals,Winter Wheat,- with frozen soils,0.4,1.15,0.25-0.4,0.4,1.15,0.325,1,"FAO-56 Table 12 (Allen et al. 1998); Kc_mid/Kc_end for sub-humid climate (RHmin 45%, u2 2 m/s)"
i. Cereals,Winter Wheat,- with non-frozen soils,0.7,1.15,0.25-0.4,0.7,1.15,0.325,,"FAO-56 Table 12 (Allen et al. 1998); Kc_mid/Kc_end for sub-humid climate (RHmin 45%, u2 2 m/s)"
i. Cereals,"Maize, Field (grain) (field corn)",,0.3,1.20,0.60-0.35,0.3,1.2,0.475,2,"FAO-56 Table 12 (Allen et al. 1998); Kc_mid/Kc_end for sub-humid climate (RHmin 45%, u2 2 m/s)"
i. Cereals,"Maize, Sweet (sweet corn)",,0.3,1.15,1.05,0.3,1.15,1.05,1.5,"FAO-56 Table 12 (Allen et al. 1998); Kc_mid/Kc_end for sub-humid climate (RHmin 45%, u2 2 m/s)"
i. Cereals,Millet,,0.3,1.00,0.30,0.3,1.0,0.3,1.5,"FAO-56 Table 12 (Allen et al. 1998); Kc_mid/Kc_end for sub-humid climate (RHmin 45%, u2 2 m/s)"
i. Cereals,Sorghum,,0.3,,,0.3,,,,"FAO-56 Table 12 (Allen et al. 1998); Kc_mid/Kc_end for sub-humid climate (RHmin 45%, u2 2 m/s)"
i. Cereals,Sorghum,- grain,0.3,1.00-1.10,0.55,0.3,1.05,0.55,1-2,"FAO-56 Table 12 (Allen et al. 1998); Kc_mid/Kc_end for sub-humid climate (RHmin 45%, u2 2 m/s)"
i. Cereals,Sorghum,- sweet,0.3,1.20,1.05,0.3,1.2,1.05,2-4,"FAO-56 Table 12 (Allen et al. 1998); Kc_mid/Kc_end for sub-humid climate (RHmin 45%, u2 2 m/s)"
i. Cereals,Rice,,1.05,1.20,0.90-0.60,1.05,1.2,0.75,1,"FAO-56 Table 12 (Allen et al. 1998); Kc_mid/Kc_end for sub-humid climate (RHmin 45%, u2 2 m/s)"
j. Forages,Alfalfa Hay,- averaged cutting effects,0.40,0.95,0.90,0.4,0.95,0.9,0.7,"FAO-56 Table 12 (Allen et al. 1998); Kc_mid/Kc_end for sub-humid climate (RHmin 45%, u2 2 m/s)"
j. Forages,Alfalfa Hay,- individual cutting periods,0.40,1.20,1.15,0.4,1.2,1.15,0.7,"FAO-56 Table 12 (Allen et al. 1998); Kc_mid/Kc_end for sub-humid climate (RHmin 45%, u2 2 m/s)"
j. Forages,Alfalfa Hay,- for seed,0.40,0.50,0.50,0.4,0.5,0.5,0.7,"FAO-56 Table 12 (Allen et al. 1998); Kc_mid/Kc_end for sub-humid climate (RHmin 45%, u2 2 m/s)"
j. Forages,Bermuda hay,- averaged cutting effects,0.55,1.00,0.85,0.55,1.0,0.85,0.35,"FAO-56 Table 12 (Allen et al. 1998); Kc_mid/Kc_end for sub-humid climate (RHmin 45%, u2 2 m/s)"
j. Forages,Bermuda hay,- Spring crop for seed,0.35,0.90,0.65,0.35,0.9,0.65,0.4,"FAO-56 Table 12 (Allen et al. 1998); Kc_mid/Kc_end for sub-humid climate (RHmin 45%, u2 2 m/s)"
j. Forages,"Clover hay, Berseem",- averaged cutting effects,0.40,0.90,0.85,0.4,0.9,0.85,0.6,"FAO-56 Table 12 (Allen et al. 1998); Kc_mid/Kc_end for sub-humid climate (RHmin 45%, u2 2 m/s)"
j. Forages,"Clover hay, Berseem",- individual cutting periods,0.40,1.15,1.10,0.4,1.15,1.1,0.6,"FAO-56 Table 12 (Allen et al. 1998); Kc_mid/Kc_end for sub-humid climate (RHmin 45%, u2 2 m/s)"
j. Forages,Rye Grass hay,- averaged cutting effects,0.95,1.05,1.00,0.95,1.05,1.0,0.3,"FAO-56 Table 12 (Allen et al. 1998); Kc_mid/Kc_end for sub-humid climate (RHmin 45%, u2 2 m/s)"
j. Forages,Sudan Grass hay (annual),- averaged cutting effects,0.50,0.90,0.85,0.5,0.9,0.85,1.2,"FAO-56 Table 12 (Allen et al. 1998); Kc_mid/Kc_end for sub-humid climate (RHmin 45%, u2 2 m/s)"
j. Forages,Sudan Grass hay (annual),- individual cutting periods,0.50,1.15,1.10,0.5,1.15,1.1,1.2,"FAO-56 Table 12 (Allen et al. 1998); Kc_mid/Kc_end for sub-humid climate (RHmin 45%, u2 2 m/s)"
j. Forages,Grazing Pasture,- Rotated Grazing,0.40,0.85-1.05,0.85,0.4,0.95,0.85,0.15-0.30,"FAO-56 Table 12 (Allen et al. 1998); Kc_mid/Kc_end for sub-humid climate (RHmin 45%, u2 2 m/s)"
j. Forages,Grazing Pasture,- Extensive Grazing,0.30,0.75,0.75,0.3,0.75,0.75,0.10,"FAO-56 Table 12 (Allen et al. 1998); Kc_mid/Kc_end for sub-humid climate (RHmin 45%, u2 2 m/s)"
j. Forages,Turf grass,- cool season,0.90,0.95,0.95,0.9,0.95,0.95,0.10,"FAO-56 Table 12 (Allen et al. 1998); Kc_mid/Kc_end for sub-humid climate (RHmin 45%, u2 2 m/s)"
j. Forages,Turf grass,- warm season,0.80,0.85,0.85,0.8,0.85,0.85,0.10,"FAO-56 Table 12 (Allen et al. 1998); Kc_mid/Kc_end for sub-humid climate (RHmin 45%, u2 2 m/s)"
l. Tropical Fruits and Trees,Banana,- 1st year,0.50,1.10,1.00,0.5,1.1,1.0,3,"FAO-56 Table 12 (Allen et al. 1998); Kc_mid/Kc_end for sub-humid climate (RHmin 45%, u2 2 m/s)"
l. Tropical Fruits and Trees,Banana,- 2nd year,1.00,1.20,1.10,1.0,1.2,1.1,4,"FAO-56 Table 12 (Allen et al. 1998); Kc_mid/Kc_end for sub-humid climate (RHmin 45%, u2 2 m/s)"
l. Tropical Fruits and Trees,Cacao,,1.00,1.05,1.05,1.0,1.05,1.05,3,"FAO-56 Table 12 (Allen et al. 1998); Kc_mid/Kc_end for sub-humid climate (RHmin 45%, u2 2 m/s)"
l. Tropical Fruits and Trees,Coffee,- bare ground cover,0.90,0.95,0.95,0.9,0.95,0.95,2-3,"FAO-56 Table 12 (Allen et al. 1998); Kc_mid/Kc_end for sub-humid climate (RHmin 45%, u2 2 m/s)"
l. Tropical Fruits and Trees,Coffee,- with weeds,1.05,1.10,1.10,1.05,1.1,1.1,2-3,"FAO-56 Table 12 (Allen et al. 1998); Kc_mid/Kc_end for sub-humid climate (RHmin 45%, u2 2 m/s)"
l. Tropical Fruits and Trees,Date Palms,,0.90,0.95,0.95,0.9,0.95,0.95,8,"FAO-56 Table 12 (Allen et al. 1998); Kc_mid/Kc_end for sub-humid climate (RHmin 45%, u2 2 m/s)"
l. Tropical Fruits and Trees,Palm Trees,,0.95,1.00,1.00,0.95,1.0,1.0,8,"FAO-56 Table 12 (Allen et al. 1998); Kc_mid/Kc_end for sub-humid climate (RHmin 45%, u2 2 m/s)"
l. Tropical Fruits and Trees,Pineapple,- bare soil,0.50,0.30,0.30,0.5,0.3,0.3,0.6-1.2,"FAO-56 Table 12 (Allen et al. 1998); Kc_mid/Kc_end for sub-humid climate (RHmin 45%, u2 2 m/s)"
l. Tropical Fruits and Trees,Pineapple,- with grass cover,0.50,0.50,0.50,0.5,0.5,0.5,0.6-1.2,"FAO-56 Table 12 (Allen et al. 1998); Kc_mid/Kc_end for sub-humid climate (RHmin 45%, u2 2 m/s)"
l. Tropical Fruits and Trees,Rubber Trees,,0.95,1.00,1.00,0.95,1.0,1.0,10,"FAO-56 Table 12 (Allen et al. 1998); Kc_mid/Kc_end for sub-humid climate (RHmin 45%, u2 2 m/s)"
l. Tropical Fruits and Trees,Tea,- non-shaded,0.95,1.00,1.00,0.95,1.0,1.0,1.5,"FAO-56 Table 12 (Allen et al. 1998); Kc_mid/Kc_end for sub-humid climate (RHmin 45%, u2 2 m/s)"
l. Tropical Fruits and Trees,Tea,- shaded,1.10,1.15,1.15,1.1,1.15,1.15,2,"FAO-56 Table 12 (Allen et al. 1998); Kc_mid/Kc_end for sub-humid climate (RHmin 45%, u2 2 m/s)"
m. Grapes and Berries,Berries (bushes),,0.30,1.05,0.50,0.3,1.05,0.5,1.5,"FAO-56 Table 12 (Allen et al. 1998); Kc_mid/Kc_end for sub-humid climate (RHmin 45%, u2 2 m/s)"
m. Grapes and Berries,Grapes,- Table or Raisin,0.30,0.85,0.45,0.3,0.85,0.45,2,"FAO-56 Table 12 (Allen et al. 1998); Kc_mid/Kc_end for sub-humid climate (RHmin 45%, u2 2 m/s)"
m. Grapes and Berries,Grapes,- Wine,0.30,0.70,0.45,0.3,0.7,0.45,1.5-2,"FAO-56 Table 12 (Allen et al. 1998); Kc_mid/Kc_end for sub-humid climate (RHmin 45%, u2 2 m/s)"
m. Grapes and Berries,Hops,,0.3,1.05,0.85,0.3,1.05,0.85,5,"FAO-56 Table 12 (Allen et al. 1998); Kc_mid/Kc_end for sub-humid climate (RHmin 45%, u2 2 m/s)"
n. Fruit Trees,"Almonds, no ground cover",,0.40,0.90,0.65,0.4,0.9,0.65,5,"FAO-56 Table 12 (Allen et al. 1998); Kc_mid/Kc_end for sub-humid climate (RHmin 45%, u2 2 m/s)"
n. Fruit Trees,"Apples, Cherries, Pears","- no ground cover, killing frost",0.45,0.95,0.70,0.45,0.95,0.7,4,"FAO-56 Table 12 (Allen et al. 1998); Kc_mid/Kc_end for sub-humid climate (RHmin 45%, u2 2 m/s)"
n. Fruit Trees,"Apples, Cherries, Pears","- no ground cover, no frosts",0.60,0.95,0.75,0.6,0.95,0.75,4,"FAO-56 Table 12 (Allen et al. 1998); Kc_mid/Kc_end for sub-humid climate (RHmin 45%, u2 2 m/s)"
n. Fruit Trees,"Apples, Cherries, Pears","- active ground cover, killing frost",0.50,1.20,0.95,0.5,1.2,0.95,4,"FAO-56 Table 12 (Allen et al. 1998); Kc_mid/Kc_end for sub-humid climate (RHmin 45%, u2 2 m/s)"
n. Fruit Trees,"Apples, Cherries, Pears","- active ground cover, no frosts",0.80,1.20,0.85,0.8,1.2,0.85,4,"FAO-56 Table 12 (Allen et al. 1998); Kc_mid/Kc_end for sub-humid climate (RHmin 45%, u2 2 m/s)"
n. Fruit Trees,"Apricots, Peaches, Stone Fruit 19, 20","- no ground cover, killing frost",0.45,0.90,0.65,0.45,0.9,0.65,3,"FAO-56 Table 12 (Allen et al. 1998); Kc_mid/Kc_end for sub-humid climate (RHmin 45%, u2 2 m/s)"
n. Fruit Trees,"Apricots, Peaches, Stone Fruit 19, 20","- no ground cover, no frosts",0.55,0.90,0.65,0.55,0.9,0.65,3,"FAO-56 Table 12 (Allen et al. 1998); Kc_mid/Kc_end for sub-humid climate (RHmin 45%, u2 2 m/s)"
n. Fruit Trees,"Apricots, Peaches, Stone Fruit 19, 20","- active ground cover, killing frost",0.50,1.15,0.90,0.5,1.15,0.9,3,"FAO-56 Table 12 (Allen et al. 1998); Kc_mid/Kc_end for sub-humid climate (RHmin 45%, u2 2 m/s)"
n. Fruit Trees,"Apricots, Peaches, Stone Fruit 19, 20","- active ground cover, no frosts",0.80,1.15,0.85,0.8,1.15,0.85,3,"FAO-56 Table 12 (Allen et al. 1998); Kc_mid/Kc_end for sub-humid climate (RHmin 45%, u2 2 m/s)"
n. Fruit Trees,"Avocado, no ground cover",,0.60,0.85,0.75,0.6,0.85,0.75,3,"FAO-56 Table 12 (Allen et al. 1998); Kc_mid/Kc_end for sub-humid climate (RHmin 45%, u2 2 m/s)"
n. Fruit Trees,"Citrus, no ground cover",- 70% canopy,0.70,0.65,0.70,0.7,0.65,0.7,4,"FAO-56 Table 12 (Allen et al. 1998); Kc_mid/Kc_end for sub-humid climate (RHmin 45%, u2 2 m/s)"
n. Fruit Trees,"Citrus, no ground cover",- 50% canopy,0.65,0.60,0.65,0.65,0.6,0.65,3,"FAO-56 Table 12 (Allen et al. 1998); Kc_mid/Kc_end for sub-humid climate (RHmin 45%, u2 2 m/s)"
n. Fruit Trees,"Citrus, no ground cover",- 20% canopy,0.50,0.45,0.55,0.5,0.45,0.55,2,"FAO-56 Table 12 (Allen et al. 1998); Kc_mid/Kc_end for sub-humid climate (RHmin 45%, u2 2 m/s)"
n. Fruit Trees,"Citrus, with active ground cover or weeds",- 70% canopy,0.75,0.70,0.75,0.75,0.7,0.75,4,"FAO-56 Table 12 (Allen et al. 1998); Kc_mid/Kc_end for sub-humid climate (RHmin 45%, u2 2 m/s)"
n. Fruit Trees,"Citrus, with active ground cover or weeds",- 50% canopy,0.80,0.80,0.80,0.8,0.8,0.8,3,"FAO-56 Table 12 (Allen et al. 1998); Kc_mid/Kc_end for sub-humid climate (RHmin 45%, u2 2 m/s)"
n. Fruit Trees,"Citrus, with active ground cover or weeds",- 20% canopy,0.85,0.85,0.85,0.85,0.85,0.85,2,"FAO-56 Table 12 (Allen et al. 1998); Kc_mid/Kc_end for sub-humid climate (RHmin 45%, u2 2 m/s)"
n. Fruit Trees,Conifer Trees,,1.00,1.00,1.00,1.0,1.0,1.0,10,"FAO-56 Table 12 (Allen et al. 1998); Kc_mid/Kc_end for sub-humid climate (RHmin 45%, u2 2 m/s)"
n. Fruit Trees,Kiwi,,0.40,1.05,1.05,0.4,1.05,1.05,3,"FAO-56 Table 12 (Allen et al. 1998); Kc_mid/Kc_end for sub-humid climate (RHmin 45%, u2 2 m/s)"
n. Fruit Trees,Olives (40 to 60% ground coverage by canopy),,0.65,0.70,0.70,0.65,0.7,0.7,3-5,"FAO-56 Table 12 (Allen et al. 1998); Kc_mid/Kc_end for sub-humid climate (RHmin 45%, u2 2 m/s)"
n. Fruit Trees,"Pistachios, no ground cover",,0.40,1.10,0.45,0.4,1.1,0.45,3-5,"FAO-56 Table 12 (Allen et al. 1998); Kc_mid/Kc_end for sub-humid climate (RHmin 45%, u2 2 m/s)"
n. Fruit Trees,Walnut Orchard,,0.50,1.10,0.6518,0.5,1.1,0.6518,4-5,"FAO-56 Table 12 (Allen et al. 1998); Kc_mid/Kc_end for sub-humid climate (RHmin 45%, u2 2 m/s)"
o. Wetlands - temperate climate,"Cattails, Bulrushes, killing frost",,0.30,1.20,0.30,0.3,1.2,0.3,2,"FAO-56 Table 12 (Allen et al. 1998); Kc_mid/Kc_end for sub-humid climate (RHmin 45%, u2 2 m/s)"
o. Wetlands - temperate climate,"Cattails, Bulrushes, no frost",,0.60,1.20,0.60,0.6,1.2,0.6,2,"FAO-56 Table 12 (Allen et al. 1998); Kc_mid/Kc_end for sub-humid climate (RHmin 45%, u2 2 m/s)"
o. Wetlands - temperate climate,"Short Veg., no frost",,1.05,1.10,1.10,1.05,1.1,1.1,0.3,"FAO-56 Table 12 (Allen et al. 1998); Kc_mid/Kc_end for sub-humid climate (RHmin 45%, u2 2 m/s)"
o. Wetlands - temperate climate,"Reed Swamp, standing water",,1.00,1.20,1.00,1.0,1.2,1.0,1-3,"FAO-56 Table 12 (Allen et al. 1998); Kc_mid/Kc_end for sub-humid climate (RHmin 45%, u2 2 m/s)"
o. Wetlands - temperate climate,"Reed Swamp, moist soil",,0.90,1.20,0.70,0.9,1.2,0.7,1-3,"FAO-56 Table 12 (Allen et al. 1998); Kc_mid/Kc_end for sub-humid climate (RHmin 45%, u2 2 m/s)"
