group,crop,L_ini,L_dev,L_mid,L_late,L_total,L_ini_days,L_dev_days,L_mid_days,L_late_days,L_total_days,plant_date,region,stage_sum_matches_total,note,source
a. Small Vegetables,Broccoli,35,45,40,15,135,35.0,45.0,40.0,15.0,135.0,Sept,"Calif. Desert, USA",True,,FAO-56 Table 11 (Allen et al. 1998)
a. Small Vegetables,Cabbage,40,60,50,15,165,40.0,60.0,50.0,15.0,165.0,Sept,"Calif. Desert, USA",True,,FAO-56 Table 11 (Allen et al. 1998)
a. Small Vegetables,Carrots,20,30,50/30,20,100,20.0,30.0,40.0,20.0,100.0,Oct/Jan,Arid climate,True,,FAO-56 Table 11 (Allen et al. 1998)
a. Small Vegetables,Carrots,30,40,60,20,150,30.0,40.0,60.0,20.0,150.0,Feb/Mar,Mediterranean,True,,FAO-56 Table 11 (Allen et al. 1998)
a. Small Vegetables,Carrots,30,50,90,30,200,30.0,50.0,90.0,30.0,200.0,Oct,"Calif. Desert, USA",True,,FAO-56 Table 11 (Allen et al. 1998)
a. Small Vegetables,Cauliflower,35,50,40,15,140,35.0,50.0,40.0,15.0,140.0,Sept,"Calif. Desert, USA",True,,FAO-56 Table 11 (Allen et al. 1998)
a. Small Vegetables,Celery,25,40,95,20,180,25.0,40.0,95.0,20.0,180.0,Oct,(Semi) Arid,True,,FAO-56 Table 11 (Allen et al. 1998)
a. Small Vegetables,Celery,25,40,45,15,125,25.0,40.0,45.0,15.0,125.0,April,Mediterranean,True,,FAO-56 Table 11 (Allen et al. 1998)
a. Small Vegetables,Celery,30,55,105,20,210,30.0,55.0,105.0,20.0,210.0,Jan,(Semi) Arid,True,,FAO-56 Table 11 (Allen et al. 1998)
a. Small Vegetables,Crucifers,20,30,20,10,80,20.0,30.0,20.0,10.0,80.0,April,Mediterranean,True,,FAO-56 Table 11 (Allen et al. 1998)
a. Small Vegetables,Crucifers,25,35,25,10,95,25.0,35.0,25.0,10.0,95.0,February,Mediterranean,True,,FAO-56 Table 11 (Allen et al. 1998)
a. Small Vegetables,Crucifers,30,35,90,40,195,30.0,35.0,90.0,40.0,195.0,Oct/Nov,Mediterranean,True,,FAO-56 Table 11 (Allen et al. 1998)
a. Small Vegetables,Lettuce,20,30,15,10,75,20.0,30.0,15.0,10.0,75.0,April,Mediterranean,True,,FAO-56 Table 11 (Allen et al. 1998)
a. Small Vegetables,Lettuce,30,40,25,10,105,30.0,40.0,25.0,10.0,105.0,Nov/Jan,Mediterranean,True,,FAO-56 Table 11 (Allen et al. 1998)
a. Small Vegetables,Lettuce,25,35,30,10,100,25.0,35.0,30.0,10.0,100.0,Oct/Nov,Arid Region,True,,FAO-56 Table 11 (Allen et al. 1998)
a. Small Vegetables,Lettuce,35,50,45,10,140,35.0,50.0,45.0,10.0,140.0,Feb,Mediterranean,True,,FAO-56 Table 11 (Allen et al. 1998)
a. Small Vegetables,Onion (dry),15,25,70,40,150,15.0,25.0,70.0,40.0,150.0,April,Mediterranean,True,,FAO-56 Table 11 (Allen et al. 1998)
a. Small Vegetables,Onion (dry),20,35,110,45,210,20.0,35.0,110.0,45.0,210.0,Oct; Jan.,Arid Region; Calif.,True,,FAO-56 Table 11 (Allen et al. 1998)
a. Small Vegetables,Onion (green),25,30,10,5,70,25.0,30.0,10.0,5.0,70.0,April/May,Mediterranean,True,,FAO-56 Table 11 (Allen et al. 1998)
a. Small Vegetables,Onion (green),20,45,20,10,95,20.0,45.0,20.0,10.0,95.0,October,Arid Region,True,,FAO-56 Table 11 (Allen et al. 1998)
a. Small Vegetables,Onion (green),30,55,55,40,180,30.0,55.0,55.0,40.0,180.0,March,"Calif., USA",True,,FAO-56 Table 11 (Allen et al. 1998)
a. Small Vegetables,Onion (seed),20,45,165,45,275,20.0,45.0,165.0,45.0,275.0,Sept,"Calif. Desert, USA",True,,FAO-56 Table 11 (Allen et al. 1998)
a. Small Vegetables,Spinach,20,20,15/25,5,60/70,20.0,20.0,20.0,5.0,65.0,Apr; Sep/Oct,Mediterranean,True,,FAO-56 Table 11 (Allen et al. 1998)
a. Small Vegetables,Spinach,20,30,40,10,100,20.0,30.0,40.0,10.0,100.0,November,Arid Region,True,,FAO-56 Table 11 (Allen et al. 1998)
a. Small Vegetables,Radish,5,10,15,5,35,5.0,10.0,15.0,5.0,35.0,Mar/Apr,Medit.; Europe,True,,FAO-56 Table 11 (Allen et al. 1998)
a. Small Vegetables,Radish,10,10,15,5,40,10.0,10.0,15.0,5.0,40.0,Winter,Arid Region,True,,FAO-56 Table 11 (Allen et al. 1998)
b. Vegetables - Solanum Family (Solanaceae),Egg plant,30,40,40,20,130\1,30.0,40.0,40.0,20.0,65.5,October,Arid Region,False,,FAO-56 Table 11 (Allen et al. 1998)
b. Vegetables - Solanum Family (Solanaceae),Egg plant,30,45,40,25,40,30.0,45.0,40.0,25.0,40.0,May/June,Mediterranean,False,,FAO-56 Table 11 (Allen et al. 1998)
b. Vegetables - Solanum Family (Solanaceae),Sweet peppers (bell),25/30,35,40,20,125,27.5,35.0,40.0,20.0,125.0,April/June,Europe and Medit.,True,,FAO-56 Table 11 (Allen et al. 1998)
b. Vegetables - Solanum Family (Solanaceae),Sweet peppers (bell),30,40,110,30,210,30.0,40.0,110.0,30.0,210.0,October,Arid Region,True,,FAO-56 Table 11 (Allen et al. 1998)
b. Vegetables - Solanum Family (Solanaceae),Tomato,30,40,40,25,135,30.0,40.0,40.0,25.0,135.0,January,Arid Region,True,,FAO-56 Table 11 (Allen et al. 1998)
b. Vegetables - Solanum Family (Solanaceae),Tomato,35,40,50,30,155,35.0,40.0,50.0,30.0,155.0,Apr/May,"Calif., USA",True,,FAO-56 Table 11 (Allen et al. 1998)
b. Vegetables - Solanum Family (Solanaceae),Tomato,25,40,60,30,155,25.0,40.0,60.0,30.0,155.0,Jan,"Calif. Desert, USA",True,,FAO-56 Table 11 (Allen et al. 1998)
b. Vegetables - Solanum Family (Solanaceae),Tomato,35,45,70,30,180,35.0,45.0,70.0,30.0,180.0,Oct/Nov,Arid Region,True,,FAO-56 Table 11 (Allen et al. 1998)
b. Vegetables - Solanum Family (Solanaceae),Tomato,30,40,45,30,145,30.0,40.0,45.0,30.0,145.0,April/May,Mediterranean,True,,FAO-56 Table 11 (Allen et al. 1998)
c. Vegetables - Cucumber Family (Cucurbitaceae),Cantaloupe,30,45,35,10,120,30.0,45.0,35.0,10.0,120.0,Jan,"Calif., USA",True,,FAO-56 Table 11 (Allen et al. 1998)
c. Vegetables - Cucumber Family (Cucurbitaceae),Cantaloupe,10,60,25,25,120,10.0,60.0,25.0,25.0,120.0,Aug,"Calif., USA",True,,FAO-56 Table 11 (Allen et al. 1998)
c. Vegetables - Cucumber Family (Cucurbitaceae),Cucumber,20,30,40,15,105,20.0,30.0,40.0,15.0,105.0,June/Aug,Arid Region,True,,FAO-56 Table 11 (Allen et al. 1998)
c. Vegetables - Cucumber Family (Cucurbitaceae),Cucumber,25,35,50,20,130,25.0,35.0,50.0,20.0,130.0,Nov; Feb,Arid Region,True,,FAO-56 Table 11 (Allen et al. 1998)
c. Vegetables - Cucumber Family (Cucurbitaceae),"Pumpkin, Winter squash",20,30,30,20,100,20.0,30.0,30.0,20.0,100.0,"Mar, Aug",Mediterranean,True,,FAO-56 Table 11 (Allen et al. 1998)
c. Vegetables - Cucumber Family (Cucurbitaceae),"Pumpkin, Winter squash",25,35,35,25,120,25.0,35.0,35.0,25.0,120.0,June,Europe,True,,FAO-56 Table 11 (Allen et al. 1998)
c. Vegetables - Cucumber Family (Cucurbitaceae),"Squash, Zucchini",25,35,25,15,100,25.0,35.0,25.0,15.0,100.0,Apr; Dec.,Medit.; Arid Reg.,True,,FAO-56 Table 11 (Allen et al. 1998)
c. Vegetables - Cucumber Family (Cucurbitaceae),"Squash, Zucchini",20,30,25,15,90,20.0,30.0,25.0,15.0,90.0,May/June,Medit.; Europe,True,,FAO-56 Table 11 (Allen et al. 1998)
c. Vegetables - Cucumber Family (Cucurbitaceae),Sweet melons,25,35,40,20,120,25.0,35.0,40.0,20.0,120.0,May,Mediterranean,True,,FAO-56 Table 11 (Allen et al. 1998)
c. Vegetables - Cucumber Family (Cucurbitaceae),Sweet melons,30,30,50,30,140,30.0,30.0,50.0,30.0,140.0,March,"Calif., USA",True,,FAO-56 Table 11 (Allen et al. 1998)
c. Vegetables - Cucumber Family (Cucurbitaceae),Sweet melons,15,40,65,15,135,15.0,40.0,65.0,15.0,135.0,Aug,"Calif. Desert, USA",True,,FAO-56 Table 11 (Allen et al. 1998)
c. Vegetables - Cucumber Family (Cucurbitaceae),Sweet melons,30,45,65,20,160,30.0,45.0,65.0,20.0,160.0,Dec/Jan,Arid Region,True,,FAO-56 Table 11 (Allen et al. 1998)
c. Vegetables - Cucumber Family (Cucurbitaceae),Water melons,20,30,30,30,110,20.0,30.0,30.0,30.0,110.0,April,Italy,True,,FAO-56 Table 11 (Allen et al. 1998)
c. Vegetables - Cucumber Family (Cucurbitaceae),Water melons,10,20,20,30,80,10.0,20.0,20.0,30.0,80.0,Mat/Aug,Near East (desert),True,,FAO-56 Table 11 (Allen et al. 1998)
d. Roots and Tubers,"Beets, table",15,25,20,10,70,15.0,25.0,20.0,10.0,70.0,Apr/May,Mediterranean,True,,FAO-56 Table 11 (Allen et al. 1998)
d. Roots and Tubers,"Beets, table",25,30,25,10,90,25.0,30.0,25.0,10.0,90.0,Feb/Mar,Mediterranean & Arid,True,,FAO-56 Table 11 (Allen et al. 1998)
d. Roots and Tubers,Cassava: year 1,20,40,90,60,210,20.0,40.0,90.0,60.0,210.0,Rainy,Tropical regions,True,,FAO-56 Table 11 (Allen et al. 1998)
d. Roots and Tubers,year 2,150,40,110,60,360,150.0,40.0,110.0,60.0,360.0,season,,True,,FAO-56 Table 11 (Allen et al. 1998)
d. Roots and Tubers,Potato,25,30,30/45,30,115/130,25.0,30.0,37.5,30.0,122.5,Jan/Nov,(Semi) Arid Climate,True,,FAO-56 Table 11 (Allen et al. 1998)
d. Roots and Tubers,Potato,25,30,45,30,130,25.0,30.0,45.0,30.0,130.0,May,Continental Climate,True,,FAO-56 Table 11 (Allen et al. 1998)
d. Roots and Tubers,Potato,30,35,50,30,145,30.0,35.0,50.0,30.0,145.0,April,Europe,True,,FAO-56 Table 11 (Allen et al. 1998)
d. Roots and Tubers,Potato,45,30,70,20,165,45.0,30.0,70.0,20.0,165.0,Apr/May,"Idaho, USA",True,,FAO-56 Table 11 (Allen et al. 1998)
d. Roots and Tubers,Potato,30,35,50,25,140,30.0,35.0,50.0,25.0,140.0,Dec,"Calif. Desert, USA",True,,FAO-56 Table 11 (Allen et al. 1998)
d. Roots and Tubers,Sweet potato,20,30,60,40,150,20.0,30.0,60.0,40.0,150.0,April,Mediterranean,True,,FAO-56 Table 11 (Allen et al. 1998)
d. Roots and Tubers,Sweet potato,15,30,50,30,125,15.0,30.0,50.0,30.0,125.0,Rainy seas.,Tropical regions,True,,FAO-56 Table 11 (Allen et al. 1998)
d. Roots and Tubers,Sugarbeet,30,45,90,15,180,30.0,45.0,90.0,15.0,180.0,March,"Calif., USA",True,,FAO-56 Table 11 (Allen et al. 1998)
d. Roots and Tubers,Sugarbeet,25,30,90,10,155,25.0,30.0,90.0,10.0,155.0,June,"Calif., USA",True,,FAO-56 Table 11 (Allen et al. 1998)
d. Roots and Tubers,Sugarbeet,25,65,100,65,255,25.0,65.0,100.0,65.0,255.0,Sept,"Calif. Desert, USA",True,,FAO-56 Table 11 (Allen et al. 1998)
d. Roots and Tubers,Sugarbeet,50,40,50,40,180,50.0,40.0,50.0,40.0,180.0,April,"Idaho, USA",True,,FAO-56 Table 11 (Allen et al. 1998)
d. Roots and Tubers,Sugarbeet,25,35,50,50,160,25.0,35.0,50.0,50.0,160.0,May,Mediterranean,True,,FAO-56 Table 11 (Allen et al. 1998)
d. Roots and Tubers,Sugarbeet,45,75,80,30,230,45.0,75.0,80.0,30.0,230.0,November,Mediterranean,True,,FAO-56 Table 11 (Allen et al. 1998)
d. Roots and Tubers,Sugarbeet,35,60,70,40,205,35.0,60.0,70.0,40.0,205.0,November,Arid Regions,True,,FAO-56 Table 11 (Allen et al. 1998)
e. Legumes (Leguminosae),Beans (green),20,30,30,10,90,20.0,30.0,30.0,10.0,90.0,Feb/Mar,"Calif., Mediterranean",True,,FAO-56 Table 11 (Allen et al. 1998)
e. Legumes (Leguminosae),Beans (green),15,25,25,10,75,15.0,25.0,25.0,10.0,75.0,Aug/Sep,"Calif., Egypt, Lebanon",True,,FAO-56 Table 11 (Allen et al. 1998)
e. Legumes (Leguminosae),Beans (dry),20,30,40,20,110,20.0,30.0,40.0,20.0,110.0,May/June,Continental Climates,True,,FAO-56 Table 11 (Allen et al. 1998)
e. Legumes (Leguminosae),Beans (dry),15,25,35,20,95,15.0,25.0,35.0,20.0,95.0,June,"Pakistan, Calif.",True,,FAO-56 Table 11 (Allen et al. 1998)
e. Legumes (Leguminosae),Beans (dry),25,25,30,20,100,25.0,25.0,30.0,20.0,100.0,June,"Idaho, USA",True,,FAO-56 Table 11 (Allen et al. 1998)
e. Legumes (Leguminosae),"Faba bean, broad bean",15,25,35,15,90,15.0,25.0,35.0,15.0,90.0,May,Europe,True,,FAO-56 Table 11 (Allen et al. 1998)
e. Legumes (Leguminosae),"Faba bean, broad bean",20,30,35,15,100,20.0,30.0,35.0,15.0,100.0,Mar/Apr,Mediterranean,True,,FAO-56 Table 11 (Allen et al. 1998)
e. Legumes (Leguminosae),,90,45,40,60,235,90.0,45.0,40.0,60.0,235.0,Nov,Europe,True,,FAO-56 Table 11 (Allen et al. 1998)
e. Legumes (Leguminosae),,90,45,40,0,175,90.0,45.0,40.0,0.0,175.0,Nov,Europe,True,,FAO-56 Table 11 (Allen et al. 1998)
e. Legumes (Leguminosae),"Green gram, cowpeas",20,30,30,20,110,20.0,30.0,30.0,20.0,110.0,March,Mediterranean,True,,FAO-56 Table 11 (Allen et al. 1998)
e. Legumes (Leguminosae),Groundnut,25,35,45,25,130,25.0,35.0,45.0,25.0,130.0,Dry,West Africa,True,,FAO-56 Table 11 (Allen et al. 1998)
e. Legumes (Leguminosae),Groundnut,35,35,35,35,140,35.0,35.0,35.0,35.0,140.0,season,High Latitudes,True,,FAO-56 Table 11 (Allen et al. 1998)
e. Legumes (Leguminosae),Groundnut,35,45,35,25,140,35.0,45.0,35.0,25.0,140.0,May May/June,Mediterranean,True,,FAO-56 Table 11 (Allen et al. 1998)
e. Legumes (Leguminosae),Lentil,20,30,60,40,150,20.0,30.0,60.0,40.0,150.0,April,Europe,True,,FAO-56 Table 11 (Allen et al. 1998)
e. Legumes (Leguminosae),Lentil,25,35,70,40,170,25.0,35.0,70.0,40.0,170.0,Oct/Nov,Arid Region,True,,FAO-56 Table 11 (Allen et al. 1998)
e. Legumes (Leguminosae),Peas,15,25,35,15,90,15.0,25.0,35.0,15.0,90.0,May,Europe,True,,FAO-56 Table 11 (Allen et al. 1998)
e. Legumes (Leguminosae),Peas,20,30,35,15,100,20.0,30.0,35.0,15.0,100.0,Mar/Apr,Mediterranean,True,,FAO-56 Table 11 (Allen et al. 1998)
e. Legumes (Leguminosae),Peas,35,25,30,20,110,35.0,25.0,30.0,20.0,110.0,April,"Idaho, USA",True,,FAO-56 Table 11 (Allen et al. 1998)
e. Legumes (Leguminosae),Soybeans,15,15,40,15,85,15.0,15.0,40.0,15.0,85.0,Dec,Tropics,True,,FAO-56 Table 11 (Allen et al. 1998)
e. Legumes (Leguminosae),Soybeans,20,30/35,60,25,140,20.0,32.5,60.0,25.0,140.0,May,Central USA,True,,FAO-56 Table 11 (Allen et al. 1998)
e. Legumes (Leguminosae),Soybeans,20,25,75,30,150,20.0,25.0,75.0,30.0,150.0,June,Japan,True,,FAO-56 Table 11 (Allen et al. 1998)
f. Perennial Vegetables (with winter dormancy and initially bare or mulched soil),Artichoke,40,40,250,30,360,40.0,40.0,250.0,30.0,360.0,Apr (1st yr),California,True,,FAO-56 Table 11 (Allen et al. 1998)
f. Perennial Vegetables (with winter dormancy and initially bare or mulched soil),Artichoke,20,25,250,30,325,20.0,25.0,250.0,30.0,325.0,May (2nd yr),(cut in May),True,,FAO-56 Table 11 (Allen et al. 1998)
f. Perennial Vegetables (with winter dormancy and initially bare or mulched soil),Asparagus,50,30,100,50,230,50.0,30.0,100.0,50.0,230.0,Feb,Warm Winter,True,,FAO-56 Table 11 (Allen et al. 1998)
f. Perennial Vegetables (with winter dormancy and initially bare or mulched soil),Asparagus,90,30,200,45,365,90.0,30.0,200.0,45.0,365.0,Feb,Mediterranean,True,,FAO-56 Table 11 (Allen et al. 1998)
g. Fibre Crops,Cotton,30,50,60,55,195,30.0,50.0,60.0,55.0,195.0,Mar-May,Egypt; Pakistan; Calif.,True,,FAO-56 Table 11 (Allen et al. 1998)
g. Fibre Crops,Cotton,45,90,45,45,225,45.0,90.0,45.0,45.0,225.0,Mar,"Calif. Desert, USA",True,,FAO-56 Table 11 (Allen et al. 1998)
g. Fibre Crops,Cotton,30,50,60,55,195,30.0,50.0,60.0,55.0,195.0,Sept,Yemen,True,,FAO-56 Table 11 (Allen et al. 1998)
g. Fibre Crops,Cotton,30,50,55,45,180,30.0,50.0,55.0,45.0,180.0,April,Texas,True,,FAO-56 Table 11 (Allen et al. 1998)
g. Fibre Crops,Flax,25,35,50,40,150,25.0,35.0,50.0,40.0,150.0,April,Europe,True,,FAO-56 Table 11 (Allen et al. 1998)
g. Fibre Crops,Flax,30,40,100,50,220,30.0,40.0,100.0,50.0,220.0,October,Arizona,True,,FAO-56 Table 11 (Allen et al. 1998)
h. Oil Crops,Castor beans,25,40,65,50,180,25.0,40.0,65.0,50.0,180.0,March,(Semi) Arid Climates,True,,FAO-56 Table 11 (Allen et al. 1998)
h. Oil Crops,Castor beans,20,40,50,25,135,20.0,40.0,50.0,25.0,135.0,Nov.,Indonesia,True,,FAO-56 Table 11 (Allen et al. 1998)
h. Oil Crops,Safflower,20,35,45,25,125,20.0,35.0,45.0,25.0,125.0,April,"California, USA",True,,FAO-56 Table 11 (Allen et al. 1998)
h. Oil Crops,Safflower,25,35,55,30,145,25.0,35.0,55.0,30.0,145.0,Mar,High Latitudes,True,,FAO-56 Table 11 (Allen et al. 1998)
h. Oil Crops,Safflower,35,55,60,40,190,35.0,55.0,60.0,40.0,190.0,Oct/Nov,Arid Region,True,,FAO-56 Table 11 (Allen et al. 1998)
h. Oil Crops,Sesame,20,30,40,20,100,20.0,30.0,40.0,20.0,100.0,June,China,True,,FAO-56 Table 11 (Allen et al. 1998)
h. Oil Crops,Sunflower,25,35,45,25,130,25.0,35.0,45.0,25.0,130.0,April/May,Medit.; California,True,,FAO-56 Table 11 (Allen et al. 1998)
i. Cereals,Barley/Oats/Wheat,15,25,50,30,120,15.0,25.0,50.0,30.0,120.0,November,Central India,True,,FAO-56 Table 11 (Allen et al. 1998)
i. Cereals,Barley/Oats/Wheat,20,25,60,30,135,20.0,25.0,60.0,30.0,135.0,March/Apr,35-45 °L,True,,FAO-56 Table 11 (Allen et al. 1998)
i. Cereals,Barley/Oats/Wheat,15,30,65,40,150,15.0,30.0,65.0,40.0,150.0,July,East Africa,True,,FAO-56 Table 11 (Allen et al. 1998)
i. Cereals,Barley/Oats/Wheat,40,30,40,20,130,40.0,30.0,40.0,20.0,130.0,Apr,,True,,FAO-56 Table 11 (Allen et al. 1998)
i. Cereals,Barley/Oats/Wheat,40,60,60,40,200,40.0,60.0,60.0,40.0,200.0,Nov,,True,,FAO-56 Table 11 (Allen et al. 1998)
i. Cereals,Barley/Oats/Wheat,20,50,60,30,160,20.0,50.0,60.0,30.0,160.0,Dec,"Calif. Desert, USA",True,,FAO-56 Table 11 (Allen et al. 1998)
i. Cereals,Winter Wheat,20,60,70,30,180,20.0,60.0,70.0,30.0,180.0,December,"Calif., USA",True,,FAO-56 Table 11 (Allen et al. 1998)
i. Cereals,Winter Wheat,30,140,40,30,240,30.0,140.0,40.0,30.0,240.0,November,Mediterranean,True,,FAO-56 Table 11 (Allen et al. 1998)
i. Cereals,Winter Wheat,160,75,75,25,335,160.0,75.0,75.0,25.0,335.0,October,"Idaho, USA",True,,FAO-56 Table 11 (Allen et al. 1998)
i. Cereals,Grains (small),20,30,60,40,150,20.0,30.0,60.0,40.0,150.0,April,Mediterranean,True,,FAO-56 Table 11 (Allen et al. 1998)
i. Cereals,Grains (small),25,35,65,40,165,25.0,35.0,65.0,40.0,165.0,Oct/Nov,Pakistan; Arid Reg.,True,,FAO-56 Table 11 (Allen et al. 1998)
i. Cereals,Maize (grain),30,50,60,40,180,30.0,50.0,60.0,40.0,180.0,April,East Africa (alt.),True,,FAO-56 Table 11 (Allen et al. 1998)
i. Cereals,Maize (grain),25,40,45,30,140,25.0,40.0,45.0,30.0,140.0,Dec/Jan,Arid Climate,True,,FAO-56 Table 11 (Allen et al. 1998)
i. Cereals,Maize (grain),20,35,40,30,125,20.0,35.0,40.0,30.0,125.0,June,Nigeria (humid),True,,FAO-56 Table 11 (Allen et al. 1998)
i. Cereals,Maize (grain),20,35,40,30,125,20.0,35.0,40.0,30.0,125.0,October,"India (dry, cool)",True,,FAO-56 Table 11 (Allen et al. 1998)
i. Cereals,Maize (grain),30,40,50,30,150,30.0,40.0,50.0,30.0,150.0,April,"Spain (spr, sum.); Calif.",True,,FAO-56 Table 11 (Allen et al. 1998)
i. Cereals,Maize (grain),30,40,50,50,170,30.0,40.0,50.0,50.0,170.0,April,"Idaho, USA",True,,FAO-56 Table 11 (Allen et al. 1998)
i. Cereals,Maize (sweet),20,20,30,10,80,20.0,20.0,30.0,10.0,80.0,March,Philippines,True,,FAO-56 Table 11 (Allen et al. 1998)
i. Cereals,Maize (sweet),20,25,25,10,80,20.0,25.0,25.0,10.0,80.0,May/June,Mediterranean,True,,FAO-56 Table 11 (Allen et al. 1998)
i. Cereals,Maize (sweet),20,30,50/30,10,90,20.0,30.0,40.0,10.0,90.0,Oct/Dec,Arid Climate,True,,FAO-56 Table 11 (Allen et al. 1998)
i. Cereals,Maize (sweet),30,30,30,10,110,30.0,30.0,30.0,10.0,110.0,April,"Idaho, USA",True,footnote digit removed from L_late,FAO-56 Table 11 (Allen et al. 1998)
i. Cereals,Maize (sweet),20,40,70,10,140,20.0,40.0,70.0,10.0,140.0,Jan,"Calif. Desert, USA",True,,FAO-56 Table 11 (Allen et al. 1998)
i. Cereals,Millet,15,25,40,25,105,15.0,25.0,40.0,25.0,105.0,June,Pakistan,True,,FAO-56 Table 11 (Allen et al. 1998)
i. Cereals,Millet,20,30,55,35,140,20.0,30.0,55.0,35.0,140.0,April,Central USA,True,,FAO-56 Table 11 (Allen et al. 1998)
i. Cereals,Sorghum,20,35,40,30,130,20.0,35.0,40.0,30.0,130.0,May/June,"USA, Pakis., Med.",True,,FAO-56 Table 11 (Allen et al. 1998)
i. Cereals,Sorghum,20,35,45,30,140,20.0,35.0,45.0,30.0,140.0,Mar/April,Arid Region,True,,FAO-56 Table 11 (Allen et al. 1998)
i. Cereals,Rice,30,30,60,30,150,30.0,30.0,60.0,30.0,150.0,Dec; May,Tropics; Mediterranean,True,,FAO-56 Table 11 (Allen et al. 1998)
i. Cereals,Rice,30,30.,80,40,180,30.0,30.0,80.0,40.0,180.0,May,Tropics,True,,FAO-56 Table 11 (Allen et al. 1998)
j. Forages,"Alfalfa, total season",10,30,var.,var.,var.,10.0,30.0,,,,,last -4°C in spring until first -4°C in fall,False,,FAO-56 Table 11 (Allen et al. 1998)
j. Forages,Alfalfa 1st cutting cycle,10,20,20,10,60,10.0,20.0,20.0,10.0,60.0,Jan Apr (last - 4°C),"Calif., USA.",True,,FAO-56 Table 11 (Allen et al. 1998)
j. Forages,Alfalfa 1st cutting cycle,10,30,25,10,75,10.0,30.0,25.0,10.0,75.0,,"Idaho, USA.",True,,FAO-56 Table 11 (Allen et al. 1998)
j. Forages,"Alfalfa , other cutting cycles",5,10,10,5,30,5.0,10.0,10.0,5.0,30.0,Mar,"Calif., USA.",True,,FAO-56 Table 11 (Allen et al. 1998)
j. Forages,"Alfalfa , other cutting cycles",5,20,10,10,45,5.0,20.0,10.0,10.0,45.0,Jun,"Idaho, USA.",True,,FAO-56 Table 11 (Allen et al. 1998)
j. Forages,Bermuda for seed,10,25,35,35,105,10.0,25.0,35.0,35.0,105.0,March,"Calif. Desert, USA",True,,FAO-56 Table 11 (Allen et al. 1998)
j. Forages,Bermuda for hay (several cuttings),10,15,75,35,135,10.0,15.0,75.0,35.0,135.0,---,"Calif. Desert, USA",True,,FAO-56 Table 11 (Allen et al. 1998)
j. Forages,Grass Pasture,10,20,--,--,--,10.0,20.0,,,,,7 days before last -4°C in spring until 7 days after first -4°C in fall,False,,FAO-56 Table 11 (Allen et al. 1998)
j. Forages,"Sudan, 1st cutting cycle",25,25,15,10,75,25.0,25.0,15.0,10.0,75.0,Apr,"Calif. Desert, USA",True,,FAO-56 Table 11 (Allen et al. 1998)
j. Forages,"Sudan, other cutting cycles",3,15,12,7,37,3.0,15.0,12.0,7.0,37.0,June,"Calif. Desert, USA",True,,FAO-56 Table 11 (Allen et al. 1998)
k. Sugar Cane,"Sugarcane, virgin",35,60,190,120,405,35.0,60.0,190.0,120.0,405.0,,Low Latitudes,True,,FAO-56 Table 11 (Allen et al. 1998)
k. Sugar Cane,"Sugarcane, virgin",50,70,220,140,480,50.0,70.0,220.0,140.0,480.0,,Tropics,True,,FAO-56 Table 11 (Allen et al. 1998)
k. Sugar Cane,"Sugarcane, virgin",75,105,330,210,720,75.0,105.0,330.0,210.0,720.0,,"Hawaii, USA",True,,FAO-56 Table 11 (Allen et al. 1998)
k. Sugar Cane,"Sugarcane, ratoon",25,70,135,50,280,25.0,70.0,135.0,50.0,280.0,,Low Latitudes,True,,FAO-56 Table 11 (Allen et al. 1998)
k. Sugar Cane,"Sugarcane, ratoon",30,50,180,60,320,30.0,50.0,180.0,60.0,320.0,,Tropics,True,,FAO-56 Table 11 (Allen et al. 1998)
k. Sugar Cane,"Sugarcane, ratoon",35,105,210,70,420,35.0,105.0,210.0,70.0,420.0,,"Hawaii, USA",True,,FAO-56 Table 11 (Allen et al. 1998)
l. Tropical Fruits and Trees,"Banana, 1st yr",120,90,120,60,390,120.0,90.0,120.0,60.0,390.0,Mar,Mediterranean,True,,FAO-56 Table 11 (Allen et al. 1998)
l. Tropical Fruits and Trees,"Banana, 2nd yr",120,60,180,5,365,120.0,60.0,180.0,5.0,365.0,Feb,Mediterranean,True,,FAO-56 Table 11 (Allen et al. 1998)
l. Tropical Fruits and Trees,Pineapple,60,120,600,10,790,60.0,120.0,600.0,10.0,790.0,,"Hawaii, USA",True,,FAO-56 Table 11 (Allen et al. 1998)
m. Grapes and Berries,Grapes,20,40,120,60,240,20.0,40.0,120.0,60.0,240.0,April,Low Latitudes,True,,FAO-56 Table 11 (Allen et al. 1998)
m. Grapes and Berries,Grapes,20,50,75,60,205,20.0,50.0,75.0,60.0,205.0,Mar,"Calif., USA",True,,FAO-56 Table 11 (Allen et al. 1998)
m. Grapes and Berries,Grapes,20,50,90,20,180,20.0,50.0,90.0,20.0,180.0,May,High Latitudes,True,,FAO-56 Table 11 (Allen et al. 1998)
m. Grapes and Berries,Grapes,30,60,40,80,210,30.0,60.0,40.0,80.0,210.0,April,Mid Latitudes (wine),True,,FAO-56 Table 11 (Allen et al. 1998)
m. Grapes and Berries,Hops,25,40,80,10,155,25.0,40.0,80.0,10.0,155.0,April,"Idaho, USA",True,,FAO-56 Table 11 (Allen et al. 1998)
n. Fruit Trees,Citrus,60,90,120,95,365,60.0,90.0,120.0,95.0,365.0,Jan,Mediterranean,True,,FAO-56 Table 11 (Allen et al. 1998)
n. Fruit Trees,Deciduous Orchard,20,70,90,30,210,20.0,70.0,90.0,30.0,210.0,March,High Latitudes,True,,FAO-56 Table 11 (Allen et al. 1998)
n. Fruit Trees,Deciduous Orchard,20,70,120,60,270,20.0,70.0,120.0,60.0,270.0,March,Low Latitudes,True,,FAO-56 Table 11 (Allen et al. 1998)
n. Fruit Trees,Deciduous Orchard,30,50,130,30,240,30.0,50.0,130.0,30.0,240.0,March,"Calif., USA",True,,FAO-56 Table 11 (Allen et al. 1998)
n. Fruit Trees,Olives,30,90,60,90,2705,30.0,90.0,60.0,90.0,2705.0,March,Mediterranean,False,,FAO-56 Table 11 (Allen et al. 1998)
n. Fruit Trees,Pistachios,20,60,30,40,150,20.0,60.0,30.0,40.0,150.0,Feb,Mediterranean,True,,FAO-56 Table 11 (Allen et al. 1998)
n. Fruit Trees,Walnuts,20,10,130,30,190,20.0,10.0,130.0,30.0,190.0,April,"Utah, USA",True,,FAO-56 Table 11 (Allen et al. 1998)
o. Wetlands - Temperate Climate,"Wetlands (Cattails, Bulrush)",10,30,80,20,140,10.0,30.0,80.0,20.0,140.0,May,"Utah, USA; killing frost",True,,FAO-56 Table 11 (Allen et al. 1998)
o. Wetlands - Temperate Climate,"Wetlands (Cattails, Bulrush)",180,60,90,35,365,180.0,60.0,90.0,35.0,365.0,November,"Florida, USA",True,,FAO-56 Table 11 (Allen et al. 1998)
o. Wetlands - Temperate Climate,Wetlands (short veg.),180,60,90,35,365,180.0,60.0,90.0,35.0,365.0,November,frost-free climate,True,,FAO-56 Table 11 (Allen et al. 1998)
