node,page,table,dm_pct,me_avg,me_sd,me_min,me_max,me_nb,url
329,Pigeon pea (Cajanus cajan) seeds,"Pigeon pea (Cajanus cajan), seeds",89.2,13.5,,,,,https://www.feedipedia.org/node/329
14462,"Sugarcane forage, whole plant","Sugarcane forage, whole plant, fresh",23.2,9.0,,,,,https://www.feedipedia.org/node/14462
14462,"Sugarcane forage, whole plant","Sugarcane stalks, fresh",30.2,9.5,,,,,https://www.feedipedia.org/node/14462
14462,"Sugarcane forage, whole plant","Sugarcane leaves, fresh",34.1,8.8,,,,,https://www.feedipedia.org/node/14462
224,Sorghum grain,Sorghum grain (all types),87.4,13.5,1.0,12.1,14.6,4.0,https://www.feedipedia.org/node/224
224,Sorghum grain,"Sorghum grain, high tannin",88.6,13.3,,,,,https://www.feedipedia.org/node/224
224,Sorghum grain,"Sorghum grain, low tannin",87.4,13.8,,12.1,14.6,2.0,https://www.feedipedia.org/node/224
224,Sorghum grain,"Sorghum grain, red varieties",89.8,13.4,,,,,https://www.feedipedia.org/node/224
224,Sorghum grain,"Sorghum grain, white varieties",90.7,13.5,,,,,https://www.feedipedia.org/node/224
724,"Pearl millet (Pennisetum glaucum), grain","Pearl millet, grain",89.6,13.3,,,,,https://www.feedipedia.org/node/724
724,"Pearl millet (Pennisetum glaucum), grain","Pearl millet, husks",94.2,8.0,,,,,https://www.feedipedia.org/node/724
724,"Pearl millet (Pennisetum glaucum), grain","Pearl millet, bran",92.0,12.8,,,,,https://www.feedipedia.org/node/724
724,"Pearl millet (Pennisetum glaucum), grain","Pearl millet, brewers' grains",91.0,,,,,,https://www.feedipedia.org/node/724
230,Red oat (Avena sativa) grain,"Red oat (Avena sativa), grain",89.3,,,,,,https://www.feedipedia.org/node/230
223,Wheat grain,Wheat grain,87.0,13.1,0.7,12.3,14.7,16.0,https://www.feedipedia.org/node/223
223,Wheat grain,"Wheat grain, durum",87.9,13.1,,,,,https://www.feedipedia.org/node/223
223,Wheat grain,Wheat screenings,88.2,12.3,,,,,https://www.feedipedia.org/node/223
26,Sesame (Sesamum indicum) seeds and oil meal,"Sesame meal, mechanical extraction",92.8,12.5,,,,,https://www.feedipedia.org/node/26
26,Sesame (Sesamum indicum) seeds and oil meal,"Sesame meal, solvent extraction",93.7,,,,,,https://www.feedipedia.org/node/26
26,Sesame (Sesamum indicum) seeds and oil meal,"Sesame seeds, whole",96.6,,,,,,https://www.feedipedia.org/node/26
227,Barley grain,Barley grain,87.1,12.4,0.4,5.4,12.4,4.0,https://www.feedipedia.org/node/227
227,Barley grain,"Barley grain, naked varieties",86.8,13.4,,,,,https://www.feedipedia.org/node/227
721,"Finger millet (Eleusine coracana), grain","Finger millet (Eleusine coracana), grain",89.0,11.8,,,,,https://www.feedipedia.org/node/721
721,"Finger millet (Eleusine coracana), grain","Finger millet (Eleusine coracana), hulls",,,,,,,https://www.feedipedia.org/node/721
55,Peanut seeds,"Peanuts, without shells",95.5,23.0,,,,,https://www.feedipedia.org/node/55
55,Peanut seeds,"Peanuts, with shells",92.9,18.2,,,,,https://www.feedipedia.org/node/55
25140,Buckwheat (Fagopyrum esculentum) grain and by-products,Buckwheat (Fagopyrum esculentum) grain,84.9,9.6,,,,,https://www.feedipedia.org/node/25140
25140,Buckwheat (Fagopyrum esculentum) grain and by-products,"Buckwheat (Fagopyrum esculentum) bran, protein > 25%",88.3,11.9,,,,,https://www.feedipedia.org/node/25140
25140,Buckwheat (Fagopyrum esculentum) grain and by-products,"Buckwheat (Fagopyrum esculentum) bran, protein < 25%",88.6,10.3,,,,,https://www.feedipedia.org/node/25140
25140,Buckwheat (Fagopyrum esculentum) grain and by-products,Buckwheat (Fagopyrum esculentum) hulls,88.0,6.7,,,,,https://www.feedipedia.org/node/25140
42,Soybean seeds,Include raw and processed whole soybeans,88.7,15.3,,,,,https://www.feedipedia.org/node/42
42,Soybean seeds,"Soybeans, dehulled",91.2,15.5,,,,,https://www.feedipedia.org/node/42
42,Soybean seeds,"Soybeans, toasted",88.6,15.4,,,,,https://www.feedipedia.org/node/42
42,Soybean seeds,"Soybeans, extruded",89.0,15.2,,,,,https://www.feedipedia.org/node/42
747,Brown rice,"Rice grain, brown",88.6,13.3,,,,,https://www.feedipedia.org/node/747
4926,Faba bean (Vicia faba),"Faba bean (Vicia faba), all cultivars",86.6,13.3,0.6,12.5,14.5,12.0,https://www.feedipedia.org/node/4926
4926,Faba bean (Vicia faba),"Faba bean (Vicia faba), low-tannin cultivars",85.9,13.4,,,,,https://www.feedipedia.org/node/4926
4926,Faba bean (Vicia faba),"Faba bean (Vicia faba), aerial part, fresh",19.4,,,,,,https://www.feedipedia.org/node/4926
4926,Faba bean (Vicia faba),"Faba bean (Vicia faba), aerial part, straw",89.7,6.4,,,,,https://www.feedipedia.org/node/4926
21251,Enset (Ensete ventricosum) corms and pseudostems,"Enset (Ensete ventricosum) corms, fresh",21.5,10.8,,,,,https://www.feedipedia.org/node/21251
21251,Enset (Ensete ventricosum) corms and pseudostems,"Enset (Ensete ventricosum) pseudostems, fresh",10.2,8.8,,,,,https://www.feedipedia.org/node/21251
537,Taro (Colocasia esculenta),"Taro (Colocasia esculenta), aerial part, fresh",12.0,,,,,,https://www.feedipedia.org/node/537
537,Taro (Colocasia esculenta),"Taro (Colocasia esculenta), aerial part, dried",89.7,,,,,,https://www.feedipedia.org/node/537
537,Taro (Colocasia esculenta),"Taro (Colocasia esculenta), peelings, fresh",14.5,,,,,,https://www.feedipedia.org/node/537
537,Taro (Colocasia esculenta),"Taro (Colocasia esculenta), tuber, fresh",28.6,,,,,,https://www.feedipedia.org/node/537
537,Taro (Colocasia esculenta),"Taro (Colocasia esculenta), tuber, peeled, fresh",31.9,,,,,,https://www.feedipedia.org/node/537
537,Taro (Colocasia esculenta),"Taro (Colocasia esculenta), tuber, dried",89.5,11.8,,,,,https://www.feedipedia.org/node/537
231,Oats,Oats from regular genotypes (see naked and dehulled oats below),87.9,12.2,0.6,11.1,13.0,17.0,https://www.feedipedia.org/node/231
231,Oats,"Oats, dehulled or from hulless or naked genotypes",85.8,13.3,0.4,13.3,15.3,8.0,https://www.feedipedia.org/node/231
266,Common bean (Phaseolus vulgaris),Common bean seeds,89.1,13.6,,,,,https://www.feedipedia.org/node/266
266,Common bean (Phaseolus vulgaris),Common bean straw,88.0,7.4,,,,,https://www.feedipedia.org/node/266
556,Maize grain,"Maize grain, Europe",86.3,13.6,,13.6,13.8,2.0,https://www.feedipedia.org/node/556
556,Maize grain,"Maize grain, North Africa and Middle-east",86.2,13.5,,,,,https://www.feedipedia.org/node/556
556,Maize grain,"Maize grain, Subsaharan and East Africa",90.0,13.6,0.6,13.6,14.7,3.0,https://www.feedipedia.org/node/556
556,Maize grain,"Maize grain, North America",87.2,13.7,0.2,13.4,14.0,5.0,https://www.feedipedia.org/node/556
556,Maize grain,"Maize grain, Central and South America",86.7,13.6,,12.7,13.6,2.0,https://www.feedipedia.org/node/556
556,Maize grain,"Maize grain, Asia and Australasia",87.2,13.5,,,,,https://www.feedipedia.org/node/556
556,Maize grain,"Maize grain, high-moisture",65.0,13.6,,,,,https://www.feedipedia.org/node/556
556,Maize grain,"Maize grain, white",87.7,13.7,,,,,https://www.feedipedia.org/node/556
556,Maize grain,"Maize grain, yellow",85.8,13.6,,13.6,14.7,2.0,https://www.feedipedia.org/node/556
556,Maize grain,"Maize grain, heat-processed",88.3,13.7,0.7,13.7,14.9,3.0,https://www.feedipedia.org/node/556
556,Maize grain,"Maize grain, high-oil",86.7,13.7,,,,,https://www.feedipedia.org/node/556
556,Maize grain,"Maize grain, high-lysine",,,,,,,https://www.feedipedia.org/node/556
742,Cotton seeds,"Cotton seeds, whole",92.3,12.0,,,,,https://www.feedipedia.org/node/742
742,Cotton seeds,"Dehulled cotton seeds contain less fibre than whole cotton seeds, but the fibre content depends on the level of dehulling, which may be highly variable.",93.6,,,,,,https://www.feedipedia.org/node/742
527,Cassava roots,"Cassava tubers, dehydrated",87.6,12.2,0.7,11.5,12.9,5.0,https://www.feedipedia.org/node/527
527,Cassava roots,"Cassava tubers, fresh",37.6,12.4,,,,,https://www.feedipedia.org/node/527
527,Cassava roots,"Cassava tubers, peeled, fresh",28.5,12.8,,,,,https://www.feedipedia.org/node/527
683,Banana fruits,"Banana fruits, mature, fresh",21.9,11.3,,,,,https://www.feedipedia.org/node/683
683,Banana fruits,"Banana fruits, mature, ensiled",23.5,,,,,,https://www.feedipedia.org/node/683
683,Banana fruits,"Banana fruits, mature, without peel, fresh",30.5,,,,,,https://www.feedipedia.org/node/683
683,Banana fruits,"Banana fruits, immature, fresh",22.0,,,,,,https://www.feedipedia.org/node/683
683,Banana fruits,"Banana fruits, immature, dehydrated",88.7,,,,,,https://www.feedipedia.org/node/683
683,Banana fruits,"Banana fruits, immature, cooked",21.6,,,,,,https://www.feedipedia.org/node/683
683,Banana fruits,"Banana fruits, immature, ensiled",27.3,,,,,,https://www.feedipedia.org/node/683
683,Banana fruits,"Banana fruits, immature, without peel, fresh",28.6,,,,,,https://www.feedipedia.org/node/683
683,Banana fruits,"Banana fruits, immature, without peel, dehydrated",93.3,,,,,,https://www.feedipedia.org/node/683
683,Banana fruits,"Plantain banana fruits, fresh",29.4,,,,,,https://www.feedipedia.org/node/683
683,Banana fruits,"Plantain banana fruits, dehydrated",91.4,,,,,,https://www.feedipedia.org/node/683
683,Banana fruits,"Plantain banana fruits, without peel, cooked",42.8,,,,,,https://www.feedipedia.org/node/683
683,Banana fruits,Banana flour,90.0,,,,,,https://www.feedipedia.org/node/683
40,Sunflower seeds,Sunflower seeds,92.8,17.8,,,,1.0,https://www.feedipedia.org/node/40
232,Cowpea (Vigna unguiculata) seeds,Cowpea seeds,89.9,13.6,,,,,https://www.feedipedia.org/node/232
232,Cowpea (Vigna unguiculata) seeds,"Cowpea seeds, heat-treated",87.9,14.1,,,,,https://www.feedipedia.org/node/232
539,Carrot (Daucus carota),"Carrot roots, fresh",10.7,11.9,,,,,https://www.feedipedia.org/node/539
539,Carrot (Daucus carota),"Carrot roots, dehydrated",90.0,12.3,,,,,https://www.feedipedia.org/node/539
539,Carrot (Daucus carota),"Carrot tops, fresh",16.4,,,,,,https://www.feedipedia.org/node/539
284,Lentil (Lens culinaris),Lentil seeds,88.3,13.5,,,,,https://www.feedipedia.org/node/284
284,Lentil (Lens culinaris),Lentil screenings,89.2,12.8,,,,,https://www.feedipedia.org/node/284
284,Lentil (Lens culinaris),Note the extreme variation in crude fibre.,88.9,,,,,,https://www.feedipedia.org/node/284
284,Lentil (Lens culinaris),Lentil pod husks,88.0,8.8,,,,,https://www.feedipedia.org/node/284
284,Lentil (Lens culinaris),Lentil straw,92.1,7.5,,,,,https://www.feedipedia.org/node/284
15617,Rapeseeds,"Rapeseeds, low erucic, low glucosinolates",92.3,20.3,,,,,https://www.feedipedia.org/node/15617
226,Rough rice (paddy rice),"Rough rice, paddy rice",88.0,10.1,,,,,https://www.feedipedia.org/node/226
319,Chickpea (Cicer arietinum),"Chickpea seeds, desi type",89.0,14.1,,,,,https://www.feedipedia.org/node/319
319,Chickpea (Cicer arietinum),"Chickpea seeds, kabuli type",89.0,13.6,,,,,https://www.feedipedia.org/node/319
319,Chickpea (Cicer arietinum),Chickpea bran (chuni),89.7,8.7,,,,,https://www.feedipedia.org/node/319
319,Chickpea (Cicer arietinum),Chickpea straw,90.4,6.1,,,,,https://www.feedipedia.org/node/319
319,Chickpea (Cicer arietinum),Chickpea pod husks,87.3,,,,,,https://www.feedipedia.org/node/319
745,Sweet potato (Ipomoea batatas) tubers,"Sweet potato tubers, fresh",30.0,12.0,,,,,https://www.feedipedia.org/node/745
745,Sweet potato (Ipomoea batatas) tubers,"Sweet potato tubers, dehydrated",88.0,12.2,,,,,https://www.feedipedia.org/node/745
745,Sweet potato (Ipomoea batatas) tubers,"Sweet potato tubers, cooked, fresh",39.2,,,,,,https://www.feedipedia.org/node/745
7791,Tomato fruits,"Tomato fruits, fresh",7.3,,,,,,https://www.feedipedia.org/node/7791
535,Sugar beet roots,"Beet root, sugar type, fresh",18.8,12.5,,,,,https://www.feedipedia.org/node/535
297,Lablab (Lablab purpureus),"Lablab (Lablab purpureus), aerial part, fresh",22.1,9.2,,,,,https://www.feedipedia.org/node/297
297,Lablab (Lablab purpureus),"Lablab (Lablab purpureus), hay",91.2,8.2,,,,,https://www.feedipedia.org/node/297
297,Lablab (Lablab purpureus),"Lablab (Lablab purpureus), seeds",90.0,11.7,,,,,https://www.feedipedia.org/node/297
