ISO3,name_short,UNregion
ABW,Aruba,Caribbean
AFG,Afghanistan,Southern Asia
AGO,Angola,Middle Africa
AIA,Anguilla,Caribbean
ARE,United Arab Emirates,Western Asia
ARG,Argentina,South America
ARM,Armenia,Western Asia
ASM,American Samoa,Polynesia
ATF,French Southern Territories,Eastern Africa
ATG,Antigua and Barbuda,Caribbean
AZE,Azerbaijan,Western Asia
BDI,Burundi,Eastern Africa
BEN,Benin,Western Africa
BES,"Bonaire, Saint Eustatius and Saba",Caribbean
BFA,Burkina Faso,Western Africa
BGD,Bangladesh,Southern Asia
BHR,Bahrain,Western Asia
BHS,Bahamas,Caribbean
BLM,St. Barths,Caribbean
BLZ,Belize,Central America
BOL,Bolivia,South America
BRA,Brazil,South America
BRB,Barbados,Caribbean
BRN,Brunei Darussalam,South-eastern Asia
BTN,Bhutan,Southern Asia
BVT,Bouvet Island,South America
BWA,Botswana,Southern Africa
CAF,Central African Republic,Middle Africa
CHL,Chile,South America
CHN,China,Eastern Asia
CIV,Côte d'Ivoire,Western Africa
CMR,Cameroon,Middle Africa
COD,DR Congo,Middle Africa
COG,Congo Republic,Middle Africa
COK,Cook Islands,Polynesia
COL,Colombia,South America
COM,Comoros,Eastern Africa
CPV,Cabo Verde,Western Africa
CRI,Costa Rica,Central America
CUB,Cuba,Caribbean
CUW,Curaçao,Caribbean
CYM,Cayman Islands,Caribbean
DJI,Djibouti,Eastern Africa
DMA,Dominica,Caribbean
DOM,Dominican Republic,Caribbean
DZA,Algeria,Northern Africa
ECU,Ecuador,South America
EGY,Egypt,Northern Africa
ERI,Eritrea,Eastern Africa
ESH,Western Sahara,Northern Africa
ETH,Ethiopia,Eastern Africa
FJI,Fiji,Melanesia
FLK,Falkland Islands,South America
FSM,"Micronesia, Fed. Sts.",Micronesia
GAB,Gabon,Middle Africa
GEO,Georgia,Western Asia
GHA,Ghana,Western Africa
GIN,Guinea,Western Africa
GLP,Guadeloupe,Caribbean
GMB,Gambia,Western Africa
GNB,Guinea-Bissau,Western Africa
GNQ,Equatorial Guinea,Middle Africa
GRD,Grenada,Caribbean
GTM,Guatemala,Central America
GUF,French Guiana,South America
GUM,Guam,Micronesia
GUY,Guyana,South America
HND,Honduras,Central America
HTI,Haiti,Caribbean
IDN,Indonesia,South-eastern Asia
IND,India,Southern Asia
IOT,British Indian Ocean Territory,Eastern Africa
IRN,Iran,Southern Asia
IRQ,Iraq,Western Asia
JAM,Jamaica,Caribbean
JOR,Jordan,Western Asia
KAZ,Kazakhstan,Central Asia
KEN,Kenya,Eastern Africa
KGZ,Kyrgyzstan,Central Asia
KHM,Cambodia,South-eastern Asia
KIR,Kiribati,Micronesia
KNA,St. Kitts and Nevis,Caribbean
KWT,Kuwait,Western Asia
LAO,Laos,South-eastern Asia
LBN,Lebanon,Western Asia
LBR,Liberia,Western Africa
LBY,Libya,Northern Africa
LCA,St. Lucia,Caribbean
LKA,Sri Lanka,Southern Asia
LSO,Lesotho,Southern Africa
MAF,Saint-Martin,Caribbean
MAR,Morocco,Northern Africa
MDG,Madagascar,Eastern Africa
MDV,Maldives,Southern Asia
MEX,Mexico,Central America
MHL,Marshall Islands,Micronesia
MLI,Mali,Western Africa
MMR,Myanmar,South-eastern Asia
MNG,Mongolia,Eastern Asia
MNP,Northern Mariana Islands,Micronesia
MOZ,Mozambique,Eastern Africa
MRT,Mauritania,Western Africa
MSR,Montserrat,Caribbean
MTQ,Martinique,Caribbean
MUS,Mauritius,Eastern Africa
MWI,Malawi,Eastern Africa
MYS,Malaysia,South-eastern Asia
MYT,Mayotte,Eastern Africa
NAM,Namibia,Southern Africa
NCL,New Caledonia,Melanesia
NER,Niger,Western Africa
NGA,Nigeria,Western Africa
NIC,Nicaragua,Central America
NIU,Niue,Polynesia
NPL,Nepal,Southern Asia
NRU,Nauru,Polynesia
OMN,Oman,Western Asia
PAK,Pakistan,Southern Asia
PAN,Panama,Central America
PCN,Pitcairn,Polynesia
PER,Peru,South America
PHL,Philippines,South-eastern Asia
PLW,Palau,Micronesia
PNG,Papua New Guinea,Melanesia
PRI,Puerto Rico,Caribbean
PRK,North Korea,Eastern Asia
PRY,Paraguay,South America
PSE,Palestine,Western Asia
PYF,French Polynesia,Polynesia
QAT,Qatar,Western Asia
REU,Réunion,Eastern Africa
RWA,Rwanda,Eastern Africa
SAU,Saudi Arabia,Western Asia
SDN,Sudan,Northern Africa
SEN,Senegal,Western Africa
SGS,South Georgia and South Sandwich Is.,South America
SHN,St. Helena,Western Africa
SLB,Solomon Islands,Melanesia
SLE,Sierra Leone,Western Africa
SLV,El Salvador,Central America
SOM,Somalia,Eastern Africa
SSD,South Sudan,Eastern Africa
STP,Sao Tome and Principe,Middle Africa
SUR,Suriname,South America
SWZ,Eswatini,Southern Africa
SXM,Sint Maarten,Caribbean
SYC,Seychelles,Eastern Africa
SYR,Syria,Western Asia
TCA,Turks and Caicos Islands,Caribbean
TCD,Chad,Middle Africa
TGO,Togo,Western Africa
THA,Thailand,South-eastern Asia
TJK,Tajikistan,Central Asia
TKL,Tokelau,Polynesia
TKM,Turkmenistan,Central Asia
TLS,Timor-Leste,South-eastern Asia
TON,Tonga,Polynesia
TTO,Trinidad and Tobago,Caribbean
TUN,Tunisia,Northern Africa
TUR,Türkiye,Western Asia
TUV,Tuvalu,Polynesia
TZA,Tanzania,Eastern Africa
UGA,Uganda,Eastern Africa
UMI,United States Minor Outlying Islands,Micronesia
URY,Uruguay,South America
UZB,Uzbekistan,Central Asia
VCT,St. Vincent and the Grenadines,Caribbean
VEN,Venezuela,South America
VGB,British Virgin Islands,Caribbean
VIR,United States Virgin Islands,Caribbean
VNM,Vietnam,South-eastern Asia
VUT,Vanuatu,Melanesia
WLF,Wallis and Futuna Islands,Polynesia
WSM,Samoa,Polynesia
YEM,Yemen,Western Asia
ZAF,South Africa,Southern Africa
ZMB,Zambia,Eastern Africa
ZWE,Zimbabwe,Eastern Africa
