parameter,irrigation_method_or_condition,value_percent,use_in_methodology,source
field_application_efficiency_ea,Surface irrigation (border; furrow; basin),60,Eq. 15 (consumed share of applied irrigation),"Brouwer C, Prins K, Heibloem M (1989) Irrigation Water Management: Irrigation Scheduling. FAO Training Manual No. 4, Annex 1, Table 8"
field_application_efficiency_ea,Sprinkler irrigation,75,Eq. 15,"Brouwer et al. (1989), Annex 1, Table 8"
field_application_efficiency_ea,Drip irrigation,90,Eq. 15,"Brouwer et al. (1989), Annex 1, Table 8"
conveyance_efficiency_ec,Earthen canals; sand; long (>2000 m),60,withdrawal reporting only (optional),"Brouwer et al. (1989), Annex 1, Table 7"
conveyance_efficiency_ec,Earthen canals; loam; long (>2000 m),70,withdrawal reporting only (optional),"Brouwer et al. (1989), Annex 1, Table 7"
conveyance_efficiency_ec,Earthen canals; clay; long (>2000 m),80,withdrawal reporting only (optional),"Brouwer et al. (1989), Annex 1, Table 7"
conveyance_efficiency_ec,Lined canals; long (>2000 m),95,withdrawal reporting only (optional),"Brouwer et al. (1989), Annex 1, Table 7"
conveyance_efficiency_ec,Earthen canals; sand; medium (200-2000 m),70,withdrawal reporting only (optional),"Brouwer et al. (1989), Annex 1, Table 7"
conveyance_efficiency_ec,Earthen canals; loam; medium (200-2000 m),75,withdrawal reporting only (optional),"Brouwer et al. (1989), Annex 1, Table 7"
conveyance_efficiency_ec,Earthen canals; clay; medium (200-2000 m),85,withdrawal reporting only (optional),"Brouwer et al. (1989), Annex 1, Table 7"
conveyance_efficiency_ec,Lined canals; medium (200-2000 m),95,withdrawal reporting only (optional),"Brouwer et al. (1989), Annex 1, Table 7"
conveyance_efficiency_ec,Earthen canals; sand; short (<200 m),80,withdrawal reporting only (optional),"Brouwer et al. (1989), Annex 1, Table 7"
conveyance_efficiency_ec,Earthen canals; loam; short (<200 m),85,withdrawal reporting only (optional),"Brouwer et al. (1989), Annex 1, Table 7"
conveyance_efficiency_ec,Earthen canals; clay; short (<200 m),90,withdrawal reporting only (optional),"Brouwer et al. (1989), Annex 1, Table 7"
conveyance_efficiency_ec,Lined canals; short (<200 m),95,withdrawal reporting only (optional),"Brouwer et al. (1989), Annex 1, Table 7"
