category,age_group,drink_industrial_txt,drink_grazing_txt,service_industrial_txt,service_grazing_txt,drink_industrial_L_d,drink_grazing_L_d,drink_mixed_L_d,service_industrial_L_d,service_grazing_L_d,service_mixed_L_d,source
Beef cattle,Young calves,5,5,2,0,5.0,5.0,5.0,2.0,0.0,1.0,"Chapagain and Hoekstra (2003), Tables 3.8-3.9"
Beef cattle,Adult cows,38,22,11,5,38.0,22.0,30.0,11.0,5.0,8.0,"Chapagain and Hoekstra (2003), Tables 3.8-3.9"
Dairy cattle,"Calves, 0-1 yr",5-23,4-18,0,0,14.0,11.0,12.5,0.0,0.0,0.0,"Chapagain and Hoekstra (2003), Tables 3.8-3.9"
Dairy cattle,"Heifers, 1-3 yr",26-70,18-30,11,4,48.0,24.0,36.0,11.0,4.0,7.5,"Chapagain and Hoekstra (2003), Tables 3.8-3.9"
Dairy cattle,"Milking cows, 3-10 yr",70,40,22,5,70.0,40.0,55.0,22.0,5.0,13.5,"Chapagain and Hoekstra (2003), Tables 3.8-3.9"
Swine,Piglet,1.8,1.8,5,0,1.8,1.8,1.8,5.0,0.0,2.5,"Chapagain and Hoekstra (2003), Tables 3.8-3.9"
Swine,Adult,14,8,50,25,14.0,8.0,11.0,50.0,25.0,37.5,"Chapagain and Hoekstra (2003), Tables 3.8-3.9"
Sheep,5 lbs lamb,0.38,0.30,2,0,0.38,0.3,0.33999999999999997,2.0,0.0,1.0,"Chapagain and Hoekstra (2003), Tables 3.8-3.9"
Sheep,Adult,7.6,6.0,5,5,7.6,6.0,6.8,5.0,5.0,5.0,"Chapagain and Hoekstra (2003), Tables 3.8-3.9"
Goats,5 lbs kid,0.38,0.30,0,0,0.38,0.3,0.33999999999999997,0.0,0.0,0.0,"Chapagain and Hoekstra (2003), Tables 3.8-3.9"
Goats,Adult,3.8,3.5,5,5,3.8,3.5,3.65,5.0,5.0,5.0,"Chapagain and Hoekstra (2003), Tables 3.8-3.9"
Broiler chicken,Chick,0.02,0.02,0.01,0.01,0.02,0.02,0.02,0.01,0.01,0.01,"Chapagain and Hoekstra (2003), Tables 3.8-3.9"
Broiler chicken,Adult,0.18,0.18,0.09,0.09,0.18,0.18,0.18,0.09,0.09,0.09,"Chapagain and Hoekstra (2003), Tables 3.8-3.9"
Laying hens,Chick,0.02,0.02,0.01,0.01,0.02,0.02,0.02,0.01,0.01,0.01,"Chapagain and Hoekstra (2003), Tables 3.8-3.9"
Laying hens,Laying eggs,0.30,0.30,0.15,0.15,0.3,0.3,0.3,0.15,0.15,0.15,"Chapagain and Hoekstra (2003), Tables 3.8-3.9"
Horses,Foal,3,3,0,5,3.0,3.0,3.0,0.0,5.0,2.5,"Chapagain and Hoekstra (2003), Tables 3.8-3.9"
Horses,Mature horse,45,45,5,5,45.0,45.0,45.0,5.0,5.0,5.0,"Chapagain and Hoekstra (2003), Tables 3.8-3.9"
