GID_1,TotWatAvail_m3_ha,GWrecharge_m3_ha,SustWatAvail_m3_ha,RenWatAvail_Damerau_m3_ha
AFG.10_1,1260,130,847,567
AFG.11_1,492,47,335,221
AFG.12_1,717,122,490,323
AFG.13_1,633,296,421,285
AFG.14_1,4766,520,3164,2145
AFG.15_1,1096,101,735,493
AFG.16_1,6201,701,4164,2791
AFG.17_1,1873,331,1215,843
AFG.18_1,6118,769,4006,2753
AFG.19_1,782,352,527,352
AFG.1_1,2679,233,1776,1206
AFG.20_1,3290,325,2172,1481
AFG.21_1,3668,398,2414,1650
AFG.22_1,3123,379,2021,1405
AFG.23_1,126,14,87,57
AFG.24_1,4826,435,3187,2172
AFG.25_1,1424,174,927,641
AFG.26_1,3099,424,2012,1394
AFG.27_1,6494,653,4374,2922
AFG.28_1,5990,729,3985,2695
AFG.29_1,1223,92,829,550
AFG.2_1,999,195,676,449
AFG.30_1,922,82,629,415
AFG.31_1,2286,310,1546,1028
AFG.32_1,1649,184,1101,742
AFG.33_1,3762,335,2469,1693
AFG.34_1,2018,201,1338,908
AFG.3_1,2664,282,1796,1199
AFG.4_1,814,335,549,366
AFG.5_1,2081,168,1382,937
AFG.6_1,2615,206,1747,1177
AFG.7_1,383,56,260,172
AFG.8_1,710,198,480,320
AFG.9_1,3710,590,2443,1670
AGO.10_1,1448,531,997,652
AGO.11_1,2183,2025,1528,982
AGO.12_1,3508,2034,2433,1579
AGO.13_1,3420,2184,2376,1539
AGO.14_1,2675,1449,1851,1204
AGO.15_1,2158,1511,1484,971
AGO.16_1,861,164,588,387
AGO.17_1,3304,1605,2259,1487
AGO.18_1,1807,742,1246,813
AGO.1_1,2684,2186,1830,1208
AGO.2_1,2074,538,1416,934
AGO.3_1,3339,1738,2308,1503
AGO.4_1,2446,1784,1663,1101
AGO.5_1,825,618,565,371
AGO.6_1,2803,1354,1898,1262
AGO.7_1,2115,988,1437,952
AGO.8_1,1623,1241,1100,730
AGO.9_1,2873,1087,1993,1293
AIA.10_1,193,54,133,87
AIA.11_1,193,54,133,87
AIA.12_1,193,54,133,87
AIA.13_1,193,54,133,87
AIA.14_1,193,54,133,87
AIA.15_1,193,54,133,87
AIA.16_1,193,54,133,87
AIA.17_1,193,54,133,87
AIA.18_1,193,54,133,87
AIA.1_1,193,54,133,87
AIA.2_1,193,54,133,87
AIA.3_1,193,54,133,87
AIA.4_1,193,54,133,87
AIA.5_1,193,54,133,87
AIA.6_1,193,54,133,87
AIA.7_1,193,54,133,87
AIA.8_1,193,54,133,87
AIA.9_1,193,54,133,87
ARE.1_1,1033,858,708,465
ARE.2_1,524,34,353,236
ARE.3_1,359,33,243,161
ARE.4_1,798,35,536,359
ARE.5_1,709,37,479,319
ARE.6_1,495,35,336,223
ARE.7_1,470,37,322,212
ARG.10_1,1276,415,861,574
ARG.11_1,1320,946,893,594
ARG.12_1,288,149,193,130
ARG.13_1,844,202,565,380
ARG.14_1,10771,2155,7310,4847
ARG.15_1,3690,1071,2472,1660
ARG.16_1,1840,965,1250,828
ARG.17_1,1277,378,869,575
ARG.18_1,342,76,227,153
ARG.19_1,607,294,410,273
ARG.1_1,2163,860,1448,974
ARG.20_1,1419,866,969,638
ARG.21_1,1336,523,889,601
ARG.22_1,928,728,633,417
ARG.23_1,2169,1393,1453,976
ARG.24_1,1142,266,775,514
ARG.2_1,638,200,430,287
ARG.3_1,1220,514,818,549
ARG.4_1,2091,644,1400,941
ARG.5_1,3536,865,2369,1591
ARG.6_1,870,439,584,392
ARG.7_1,4059,1000,2717,1827
ARG.8_1,3191,913,2121,1436
ARG.9_1,2078,1092,1383,935
ARM.10_1,712,181,471,320
ARM.11_1,1749,359,1164,787
ARM.1_1,1471,166,997,662
ARM.2_1,1300,349,872,585
ARM.3_1,930,23,630,419
ARM.4_1,2293,449,1538,1032
ARM.5_1,1798,521,1184,809
ARM.6_1,2296,556,1534,1033
ARM.7_1,1785,502,1192,803
ARM.8_1,1851,655,1263,833
ARM.9_1,2134,336,1423,960
ASM.1_1,5161,2167,3422,2322
ASM.2_1,5161,2167,3422,2322
ASM.3_1,5161,2167,3422,2322
ASM.4_1,5161,2167,3422,2322
ATF.1_1,8308,5771,5577,3738
ATF.2_1,658,152,453,296
ATF.3_1,1910,892,1266,860
ATF.4_1,3705,2456,2486,1668
ATG.1_1,2470,464,1650,1111
ATG.2_1,425,126,283,191
ATG.3_1,350,105,237,158
ATG.4_1,350,105,237,158
ATG.5_1,350,105,237,158
ATG.6_1,350,105,237,158
ATG.7_1,350,105,237,158
ATG.8_1,350,105,237,158
AZE.10_1,474,116,318,213
AZE.1_1,356,72,240,160
AZE.2_1,762,638,527,343
AZE.3_1,1169,516,798,526
AZE.4_1,730,391,489,328
AZE.5_1,1384,279,913,623
AZE.6_1,2545,780,1754,1145
AZE.7_1,1192,405,803,537
AZE.8_1,1654,492,1100,744
AZE.9_1,3621,1294,2400,1629
BDI.10_1,3814,2187,2619,1716
BDI.11_1,1356,632,938,610
BDI.12_1,3560,1395,2440,1602
BDI.13_1,3132,1334,2147,1409
BDI.14_1,3804,1510,2613,1712
BDI.15_1,2893,739,1973,1302
BDI.16_1,2019,906,1389,908
BDI.17_1,2438,1019,1681,1097
BDI.1_1,1849,1258,1250,832
BDI.2_1,1571,1360,1054,707
BDI.3_1,1492,897,1016,672
BDI.4_1,2429,1007,1674,1093
BDI.5_1,2101,915,1459,946
BDI.6_1,1693,384,1164,762
BDI.7_1,3534,1417,2428,1590
BDI.8_1,3085,1168,2123,1388
BDI.9_1,3230,1068,2209,1453
BEN.10_1,2175,1403,1478,979
BEN.11_1,2197,1322,1507,989
BEN.12_1,1652,1004,1139,743
BEN.1_1,2598,1140,1772,1169
BEN.2_1,2876,1492,1963,1294
BEN.3_1,3889,3047,2625,1750
BEN.4_1,2472,1269,1699,1112
BEN.5_1,1226,702,845,552
BEN.6_1,2400,1293,1646,1080
BEN.7_1,1859,1233,1257,837
BEN.8_1,7611,7044,5108,3425
BEN.9_1,3486,3318,2378,1569
BES.1_1,241,47,161,108
BES.2_1,178,50,123,80
BES.3_1,162,45,111,73
BFA.10_1,415,164,287,187
BFA.11_1,876,376,588,394
BFA.12_1,341,122,230,153
BFA.13_1,1335,579,923,600
BFA.1_1,958,632,636,431
BFA.2_1,1278,687,881,575
BFA.3_1,1627,891,1058,732
BFA.4_1,415,141,284,187
BFA.5_1,681,229,473,307
BFA.6_1,1050,480,703,472
BFA.7_1,842,328,564,379
BFA.8_1,754,363,502,340
BFA.9_1,1419,789,952,638
BGD.1_1,15057,2942,10351,6776
BGD.2_1,18907,3728,13013,8508
BGD.3_1,10756,2864,7420,4840
BGD.4_1,8123,1887,5621,3655
BGD.5_1,7490,2133,5186,3370
BGD.6_1,15070,3066,10414,6782
BGD.7_1,28959,3841,19838,13032
BGD.8_1,16702,3245,11532,7516
BHR.1_1,447,34,309,201
BHR.3_1,447,34,309,201
BHR.4_1,1071,748,721,482
BHR.5_1,468,124,322,210
BHS.10_1,196,133,132,88
BHS.11_1,324,161,212,146
BHS.12_1,87,65,59,39
BHS.13_1,1162,361,762,523
BHS.14_1,55,42,37,25
BHS.15_1,382,268,245,172
BHS.16_1,778,665,540,350
BHS.17_1,150,107,100,67
BHS.18_1,1253,635,832,564
BHS.19_1,188,89,127,84
BHS.1_1,301,65,205,135
BHS.20_1,353,198,231,159
BHS.21_1,195,68,127,88
BHS.22_1,454,292,292,204
BHS.23_1,3690,1168,2436,1660
BHS.24_1,88,69,59,40
BHS.25_1,30,20,20,13
BHS.26_1,187,132,125,84
BHS.27_1,151,105,101,68
BHS.28_1,262,134,174,118
BHS.29_1,1445,664,941,650
BHS.2_1,1194,888,806,538
BHS.30_1,283,208,187,127
BHS.31_1,53,41,35,24
BHS.32_1,3438,941,2253,1547
BHS.3_1,69,62,47,31
BHS.4_1,20,15,14,9
BHS.5_1,240,173,160,108
BHS.6_1,253,130,166,114
BHS.7_1,2515,843,1649,1132
BHS.8_1,250,191,167,113
BHS.9_1,4167,1133,2731,1875
BLM.1_1,182,51,125,82
BLM.2_1,186,52,128,84
BLZ.1_1,6101,3745,4116,2745
BLZ.2_1,8160,3904,5514,3672
BLZ.3_1,1480,1115,1001,666
BLZ.4_1,3036,1880,2064,1366
BLZ.5_1,8904,5036,6056,4007
BLZ.6_1,14211,5591,9474,6395
BOL.1_1,802,209,547,361
BOL.2_1,9930,1652,6576,4468
BOL.3_1,6835,2589,4574,3076
BOL.4_1,6710,2918,4478,3019
BOL.5_1,1524,1362,1060,686
BOL.6_1,6675,3730,4491,3004
BOL.7_1,379,82,257,171
BOL.8_1,2199,1000,1479,989
BOL.9_1,1799,608,1220,810
BRA.10_1,3802,2213,2610,1711
BRA.11_1,3322,1661,2223,1495
BRA.12_1,5772,2755,3954,2597
BRA.13_1,3698,1428,2532,1664
BRA.14_1,7481,3138,5087,3366
BRA.15_1,1748,933,1165,786
BRA.16_1,7056,2281,4732,3175
BRA.17_1,3232,2146,2209,1454
BRA.18_1,2076,1284,1420,934
BRA.19_1,4155,1311,2778,1870
BRA.1_1,6297,3825,4215,2834
BRA.20_1,1950,1285,1302,877
BRA.21_1,7963,2031,5293,3583
BRA.22_1,5571,2451,3797,2507
BRA.23_1,7269,3282,4805,3271
BRA.24_1,8002,2718,5363,3601
BRA.25_1,3475,1500,2292,1564
BRA.26_1,2792,1681,1879,1257
BRA.27_1,5034,2440,3454,2265
BRA.2_1,4228,1932,2858,1902
BRA.3_1,10042,3513,6826,4518
BRA.4_1,11259,5828,7510,5066
BRA.5_1,2856,2099,1960,1285
BRA.6_1,2158,1288,1454,971
BRA.7_1,3596,1603,2486,1618
BRA.8_1,2999,1087,2006,1349
BRA.9_1,4409,1903,3036,1984
BRB.10_1,136,67,92,61
BRB.11_1,159,69,106,71
BRB.1_1,156,69,104,70
BRB.2_1,159,69,106,71
BRB.3_1,159,69,106,71
BRB.4_1,159,69,106,71
BRB.5_1,149,68,100,67
BRB.6_1,159,69,106,71
BRB.7_1,159,69,106,71
BRB.8_1,159,69,106,71
BRB.9_1,159,69,106,71
BRN.1_1,13292,5586,8920,5982
BRN.2_1,17510,7305,11951,7880
BRN.3_1,19091,6600,13135,8591
BRN.4_1,18852,7953,12820,8484
BTN.10_1,5844,546,3923,2630
BTN.11_1,16854,2596,11470,7584
BTN.12_1,24333,2691,16696,10950
BTN.13_1,16982,2403,11643,7642
BTN.14_1,5768,607,3926,2596
BTN.15_1,8032,980,5454,3615
BTN.16_1,6430,720,4413,2894
BTN.17_1,13926,1877,9540,6267
BTN.18_1,5065,560,3474,2279
BTN.19_1,4312,404,2932,1940
BTN.1_1,6033,524,4125,2715
BTN.20_1,12756,1837,8769,5740
BTN.2_1,20586,2452,14114,9264
BTN.3_1,16517,2069,11293,7433
BTN.4_1,4695,417,3184,2113
BTN.5_1,11689,1040,8030,5260
BTN.6_1,4817,411,3283,2167
BTN.7_1,4843,631,3337,2179
BTN.8_1,7741,707,5317,3483
BTN.9_1,12639,2191,8689,5688
BWA.10_1,103,30,70,46
BWA.11_1,189,55,129,85
BWA.12_1,1818,1736,1234,818
BWA.13_1,144,50,94,65
BWA.14_1,142,41,96,64
BWA.15_1,325,94,222,146
BWA.16_1,405,235,268,182
BWA.1_1,697,566,480,314
BWA.2_1,1258,1134,875,566
BWA.3_1,206,56,139,93
BWA.4_1,171,50,115,77
BWA.5_1,330,102,228,149
BWA.6_1,518,133,354,233
BWA.7_1,217,68,149,98
BWA.8_1,64,24,43,28
BWA.9_1,284,83,194,128
CAF.10_1,2398,1941,1611,1079
CAF.11_1,5870,2834,4015,2642
CAF.12_1,3012,1664,2047,1356
CAF.13_1,2096,1386,1433,943
CAF.14_1,3315,1793,2280,1492
CAF.15_1,2628,1579,1803,1183
CAF.16_1,1840,1259,1249,828
CAF.17_1,1322,1124,883,595
CAF.1_1,2096,1486,1429,943
CAF.2_1,2640,1186,1786,1188
CAF.3_1,1815,1112,1234,817
CAF.4_1,2603,1580,1785,1172
CAF.5_1,2798,1825,1928,1259
CAF.6_1,1568,1014,1072,706
CAF.7_1,2471,1564,1675,1112
CAF.8_1,3704,2277,2525,1667
CAF.9_1,4676,2486,3208,2104
CHL.10_1,13200,2512,8707,5940
CHL.11_1,9605,1850,6607,4322
CHL.12_1,6732,822,4527,3030
CHL.13_1,9090,1438,6113,4091
CHL.14_1,2597,277,1762,1169
CHL.15_1,22,1,15,10
CHL.16_1,1320,165,902,594
CHL.1_1,11331,1748,7552,5099
CHL.2_1,81,17,55,36
CHL.3_1,9115,1661,6048,4102
CHL.4_1,158,9,109,71
CHL.5_1,141,16,94,63
CHL.6_1,8780,1523,5834,3951
CHL.7_1,473,50,322,212
CHL.8_1,3529,414,2420,1588
CHL.9_1,12840,2237,8525,5778
CHN.10_1,2367,804,1570,1065
CHN.11_1,1528,699,1040,688
CHN.12_1,3024,1320,1980,1360
CHN.13_1,4942,1501,3263,2224
CHN.14_1,7899,2184,5189,3555
CHN.15_1,6858,2585,4472,3086
CHN.16_1,9571,2394,6246,4307
CHN.17_1,2106,967,1412,948
CHN.18_1,1600,401,1034,720
CHN.19_1,456,151,307,205
CHN.1_1,6619,2003,4336,2979
CHN.20_1,390,216,266,176
CHN.21_1,998,286,686,449
CHN.22_1,1883,484,1262,847
CHN.23_1,4704,1599,3100,2117
CHN.24_1,9035,3351,5876,4066
CHN.25_1,1414,443,936,636
CHN.26_1,4858,1293,3270,2186
CHN.27_1,4240,2038,2776,1908
CHN.28_1,252,38,170,113
CHN.29_1,2238,494,1520,1007
CHN.2_1,3632,1197,2394,1634
CHN.30_1,5306,1173,3567,2388
CHN.31_1,8035,1882,5319,3616
CHN.3_1,6979,1905,4673,3141
CHN.4_1,7588,1518,4996,3415
CHN.5_1,645,162,437,290
CHN.6_1,8590,2119,5730,3866
CHN.7_1,7799,2021,5101,3510
CHN.8_1,6014,1599,3976,2706
CHN.9_1,7335,1433,4968,3301
CHN.HKG,9617,2634,6449,4328
CHN.MAC,7558,2008,5113,3401
CIV.10_1,1797,984,1230,808
CIV.11_1,1132,656,772,510
CIV.12_1,1976,1095,1350,889
CIV.13_1,622,361,418,280
CIV.14_1,833,439,571,375
CIV.1_1,4246,1900,2843,1911
CIV.2_1,3668,1684,2487,1650
CIV.3_1,1458,857,980,656
CIV.4_1,2545,1305,1754,1145
CIV.5_1,2405,1079,1618,1082
CIV.6_1,743,408,500,334
CIV.7_1,2217,1071,1477,998
CIV.8_1,2888,1439,1973,1300
CIV.9_1,1422,780,963,640
CMR.10_1,7532,3291,5046,3389
CMR.1_1,5354,2459,3696,2410
CMR.2_1,3867,1910,2620,1740
CMR.3_1,2893,1601,1945,1302
CMR.4_1,5734,5128,3960,2581
CMR.5_1,11814,5210,8001,5316
CMR.6_1,10297,3461,6960,4634
CMR.7_1,3625,2031,2486,1631
CMR.8_1,7753,3011,5253,3489
CMR.9_1,14102,4815,9524,6346
COD.10_1,6366,4050,4421,2865
COD.11_1,3370,1854,2324,1517
COD.12_1,3362,1930,2303,1512
COD.13_1,2327,1526,1582,1047
COD.14_1,4394,2908,3013,1977
COD.15_1,2931,1287,2023,1319
COD.16_1,4254,3595,2897,1914
COD.17_1,6144,2646,4120,2764
COD.18_1,5361,3726,3611,2412
COD.19_1,5618,2143,3776,2528
COD.1_1,4410,2099,3004,1984
COD.20_1,4762,2449,3224,2143
COD.21_1,4515,3893,3058,2032
COD.22_1,5857,2183,3951,2636
COD.23_1,4146,2638,2809,1865
COD.24_1,1387,841,961,624
COD.25_1,7395,4413,4943,3328
COD.26_1,6933,5332,4660,3120
COD.2_1,3601,2669,2420,1620
COD.3_1,2178,1118,1501,980
COD.4_1,2984,1728,2062,1343
COD.5_1,2608,1198,1774,1174
COD.6_1,3650,1692,2458,1642
COD.7_1,1913,1021,1312,861
COD.8_1,2106,998,1437,948
COD.9_1,2007,1672,1368,903
COG.10_1,3655,1833,2465,1645
COG.11_1,6111,3756,4221,2750
COG.12_1,3324,2307,2210,1496
COG.1_1,4509,2333,3139,2029
COG.2_1,5403,2821,3765,2432
COG.3_1,5905,3645,3960,2657
COG.4_1,3108,2114,2103,1398
COG.5_1,4085,2231,2797,1838
COG.6_1,4313,2416,2968,1941
COG.7_1,3702,2684,2503,1666
COG.8_1,5350,2410,3690,2408
COG.9_1,7884,5066,5366,3548
COK.10_1,4138,1567,2658,1862
COK.11_1,4021,1454,2634,1809
COK.1_1,4037,1541,2625,1817
COK.2_1,3809,1424,2508,1714
COK.3_1,4399,1492,2866,1980
COK.4_1,4050,1534,2602,1822
COK.5_1,3873,1431,2557,1743
COK.6_1,3787,1422,2491,1704
COK.7_1,4108,1603,2694,1849
COK.8_1,2878,1118,1886,1295
COK.9_1,5781,2156,3741,2601
COL.10_2,13572,4869,9192,6107
COL.11_2,24980,4057,17008,11241
COL.12_2,6374,1528,4324,2868
COL.13_2,37420,6796,25487,16839
COL.14_2,7210,2431,4933,3244
COL.15_2,9853,2447,6562,4434
COL.16_2,18195,5807,12042,8188
COL.17_2,14895,6611,9943,6703
COL.18_2,8003,2582,5355,3601
COL.19_2,1514,471,1018,682
COL.1_2,20607,9372,13953,9273
COL.20_2,5794,1392,3948,2607
COL.21_2,14505,5266,9768,6527
COL.22_2,19881,5047,13467,8946
COL.23_2,7692,1957,5132,3461
COL.24_2,21599,7643,14495,9720
COL.25_2,8945,3603,5971,4025
COL.26_2,15804,4850,10623,7112
COL.27_1,2096,1521,1439,943
COL.28_2,8224,2218,5475,3701
COL.29_2,5710,1631,3928,2570
COL.2_2,13960,3734,9417,6282
COL.30_2,10025,2871,6657,4512
COL.31_2,21651,4040,14617,9743
COL.32_2,19452,8986,12914,8754
COL.33_2,14436,5174,9694,6496
COL.3_2,10789,4000,7327,4855
COL.4_2,1477,705,994,665
COL.5_2,7190,1388,4761,3236
COL.6_2,6326,1650,4342,2847
COL.7_2,8688,1896,5835,3910
COL.8_2,13200,3604,8772,5940
COL.9_2,20462,8079,13744,9208
COM.1_1,2133,495,1449,960
COM.2_1,3665,882,2441,1649
COM.3_1,1066,376,721,480
CPV.10_1,55,9,37,25
CPV.11_1,575,24,392,259
CPV.12_1,55,10,37,25
CPV.13_1,138,11,94,62
CPV.14_1,57,10,39,26
CPV.15_1,98,11,67,44
CPV.16_1,135,11,92,61
CPV.17_1,55,10,38,25
CPV.18_1,55,10,38,25
CPV.19_1,55,10,38,25
CPV.1_1,466,24,321,210
CPV.20_1,69,7,47,31
CPV.21_1,55,10,38,25
CPV.22_1,28,6,19,13
CPV.2_1,107,14,73,48
CPV.3_1,186,13,127,84
CPV.4_1,114,9,78,51
CPV.5_1,146,10,99,66
CPV.6_1,159,10,108,71
CPV.7_1,64,10,44,29
CPV.8_1,28,6,19,13
CPV.9_1,187,11,127,84
CRI.1_1,14634,4092,9917,6585
CRI.2_1,23380,3934,15698,10521
CRI.3_1,8722,2685,5970,3925
CRI.4_1,18763,4891,12608,8443
CRI.5_1,18613,4318,12517,8376
CRI.6_1,19009,4505,12856,8554
CRI.7_1,18511,3613,12606,8330
CUB.10_1,1474,695,988,663
CUB.11_1,1844,728,1254,830
CUB.12_1,2064,669,1389,929
CUB.13_1,2097,835,1399,943
CUB.14_1,3987,1226,2727,1794
CUB.15_1,2973,847,1988,1338
CUB.16_1,2730,964,1848,1229
CUB.1_1,2740,1162,1842,1233
CUB.2_1,2829,1127,1895,1273
CUB.3_1,2734,1046,1864,1230
CUB.4_1,2110,492,1409,949
CUB.5_1,1731,625,1168,779
CUB.6_1,2346,671,1566,1056
CUB.7_1,1854,798,1252,834
CUB.8_1,1964,774,1323,884
CUB.9_1,2144,778,1409,965
CYM.1_1,772,262,525,348
CYM.3_1,772,262,525,348
CYM.4_1,772,262,525,348
CYM.6_1,772,262,525,348
CYM.7_1,772,262,525,348
CYM.8_1,772,262,525,348
DJI.1_2,564,36,379,254
DJI.2_1,1006,358,666,453
DJI.3_1,700,60,460,315
DJI.4_1,636,52,424,286
DJI.5_1,658,88,437,296
DJI.6_1,568,48,380,255
DMA.10_1,839,503,552,378
DMA.1_1,609,350,401,274
DMA.2_1,1558,981,1026,701
DMA.3_1,1595,1005,1051,718
DMA.4_1,400,211,263,180
DMA.5_1,1593,1004,1050,717
DMA.6_1,1595,1005,1051,718
DMA.7_1,1595,1005,1051,718
DMA.8_1,1595,1005,1051,718
DMA.9_1,1595,1005,1051,718
DOM.10_1,1998,996,1327,899
DOM.11_1,1765,623,1167,794
DOM.12_1,2862,921,1927,1288
DOM.13_1,2167,723,1443,975
DOM.14_1,3282,998,2168,1477
DOM.15_1,4533,1674,2960,2040
DOM.16_1,4278,1124,2837,1925
DOM.17_1,1488,644,990,670
DOM.18_1,4621,1483,3114,2079
DOM.19_1,1175,474,778,529
DOM.1_1,1786,360,1200,804
DOM.20_1,2531,839,1726,1139
DOM.21_1,3051,1013,1999,1373
DOM.22_1,4239,1419,2748,1908
DOM.23_1,5586,2433,3713,2514
DOM.24_1,3758,1050,2521,1691
DOM.25_1,3522,837,2353,1585
DOM.26_1,1483,486,996,667
DOM.27_1,3302,1073,2214,1486
DOM.28_1,4485,1401,2946,2018
DOM.29_1,1616,431,1063,727
DOM.2_1,2065,1148,1368,930
DOM.30_1,3066,1026,2021,1379
DOM.31_1,4239,1250,2869,1908
DOM.32_1,2070,733,1366,931
DOM.3_1,2684,1779,1756,1208
DOM.4_1,2998,996,2005,1349
DOM.5_1,3425,916,2339,1542
DOM.6_1,4516,1622,2934,2032
DOM.7_1,3110,1156,2059,1399
DOM.8_1,4262,1438,2801,1918
DOM.9_1,4069,1562,2704,1831
DZA.10_1,2040,512,1396,918
DZA.11_1,1014,314,677,456
DZA.12_1,1510,384,1026,680
DZA.13_1,2891,538,1969,1301
DZA.14_1,511,88,348,230
DZA.15_1,1640,621,1109,738
DZA.16_1,293,49,196,132
DZA.17_1,677,99,458,305
DZA.18_1,798,559,537,359
DZA.19_1,3595,1331,2429,1618
DZA.1_1,46,5,32,21
DZA.20_1,161,8,110,73
DZA.21_1,2011,926,1350,905
DZA.22_1,44,2,30,20
DZA.23_1,5006,730,3407,2253
DZA.24_1,657,166,447,296
DZA.25_1,357,29,237,161
DZA.26_1,148,38,100,67
DZA.27_1,476,186,322,214
DZA.28_1,1218,429,821,548
DZA.29_1,2389,827,1628,1075
DZA.2_1,914,213,628,411
DZA.30_1,783,295,530,352
DZA.31_1,473,82,313,213
DZA.32_1,823,542,553,370
DZA.33_1,192,69,129,86
DZA.34_1,668,336,449,300
DZA.35_1,351,131,240,158
DZA.36_1,423,203,287,190
DZA.37_1,1298,578,870,584
DZA.38_1,584,354,394,262
DZA.39_1,3683,996,2480,1657
DZA.3_1,735,404,498,331
DZA.40_1,978,370,668,440
DZA.41_1,80,20,53,36
DZA.42_1,919,465,625,414
DZA.43_1,219,91,149,99
DZA.44_1,195,8,131,88
DZA.45_1,1893,387,1298,852
DZA.46_1,313,62,215,141
DZA.47_1,3884,894,2644,1748
DZA.48_1,515,147,351,232
DZA.4_1,2715,698,1865,1222
DZA.5_1,3505,1774,2335,1577
DZA.6_1,351,158,237,158
DZA.7_1,255,55,172,115
DZA.8_1,2961,721,2017,1332
DZA.9_1,610,237,412,274
ECU.10_1,6154,1660,4174,2769
ECU.11_1,9480,2426,6350,4266
ECU.12_1,4392,725,2932,1976
ECU.13_1,10628,3148,7189,4783
ECU.14_1,6742,1839,4488,3034
ECU.15_1,15455,5301,10484,6955
ECU.16_1,23425,6590,16184,10541
ECU.17_1,16693,5662,11320,7512
ECU.18_1,23944,7404,16330,10775
ECU.19_1,14719,3860,9765,6624
ECU.1_1,5654,1138,3736,2544
ECU.20_1,1745,422,1195,785
ECU.21_1,14411,4991,9497,6485
ECU.22_1,18253,6009,12332,8214
ECU.23_1,14977,2870,10164,6740
ECU.24_1,9838,2717,6663,4427
ECU.2_1,9520,2491,6439,4284
ECU.3_1,8388,1826,5616,3775
ECU.4_1,11374,2852,7736,5118
ECU.5_1,5624,759,3790,2531
ECU.6_1,10226,2498,6878,4602
ECU.7_1,3644,770,2469,1640
ECU.8_1,10209,3935,6701,4594
ECU.9_1,1835,241,1244,826
EGY.10_1,93,92,65,42
EGY.11_1,147,143,103,66
EGY.12_1,254,250,178,114
EGY.13_1,519,518,363,233
EGY.14_1,5,5,4,3
EGY.15_1,4,0,2,2
EGY.16_1,26,22,18,11
EGY.17_1,3173,3172,2221,1428
EGY.18_1,410,406,287,184
EGY.19_1,112,111,78,50
EGY.1_1,1,0,1,0
EGY.20_1,17,4,12,8
EGY.21_1,2,0,1,1
EGY.22_1,32,1,21,14
EGY.23_1,28,26,19,12
EGY.24_1,168,34,114,75
EGY.25_1,266,262,186,120
EGY.26_1,168,18,115,76
EGY.27_1,326,324,228,147
EGY.2_1,10,0,7,4
EGY.3_1,53,21,36,24
EGY.4_1,36,34,25,16
EGY.5_1,21,20,14,10
EGY.6_1,419,127,284,189
EGY.7_1,15,0,10,7
EGY.8_1,52,49,36,24
EGY.9_1,60,57,42,27
ERI.1_1,396,69,269,178
ERI.2_1,417,44,280,188
ERI.3_1,609,65,407,274
ERI.4_1,722,148,496,325
ERI.5_1,670,105,459,302
ERI.6_1,556,109,374,250
ESH.1_1,134,11,90,60
ESH.2_1,230,12,156,104
ESH.3_1,237,69,160,107
ESH.4_1,192,29,128,86
ETH.10_1,2757,1041,1873,1241
ETH.11_1,1286,247,881,578
ETH.1_1,1332,388,910,599
ETH.2_1,1463,425,967,659
ETH.3_1,2219,574,1524,999
ETH.4_1,3253,1092,2251,1464
ETH.5_1,835,240,550,376
ETH.6_1,2438,1076,1668,1097
ETH.7_1,72,30,48,32
ETH.8_1,1724,596,1179,776
ETH.9_1,385,218,263,173
FJI.1_1,12147,3467,8070,5466
FJI.2_1,6978,2214,4615,3140
FJI.3_1,9375,2557,6128,4219
FJI.4_1,8211,3037,5505,3695
FJI.5_1,8425,2236,5474,3791
FSM.1_1,10190,3829,6857,4586
FSM.2_1,12742,4577,8606,5734
FSM.3_1,10537,3957,7280,4741
FSM.4_1,7662,2668,5060,3448
GAB.1_1,17427,5645,11940,7842
GAB.2_1,9124,3915,6210,4106
GAB.3_1,16474,4429,11247,7413
GAB.4_1,16971,4671,11771,7637
GAB.5_1,11795,3571,8110,5308
GAB.6_1,8471,2931,5724,3812
GAB.7_1,11539,3774,7871,5193
GAB.8_1,15118,4550,10456,6803
GAB.9_1,7506,2964,5052,3378
GEO.10_1,2605,483,1759,1172
GEO.11_1,3439,986,2270,1548
GEO.12_1,1264,602,856,569
GEO.1_1,12437,2610,8280,5597
GEO.2_1,15390,2215,10226,6926
GEO.3_1,12988,2646,8610,5845
GEO.4_1,7806,2200,5214,3512
GEO.5_1,2353,704,1563,1059
GEO.6_1,1506,504,1004,678
GEO.7_1,4121,696,2708,1854
GEO.8_1,10074,1112,6677,4533
GEO.9_1,11886,2397,7866,5348
GHA10_2,2165,1144,1491,974
GHA11_2,1587,926,1094,714
GHA12_2,1266,639,859,570
GHA13_2,1376,734,943,619
GHA14_2,15608,15330,10914,7024
GHA15_2,2139,1238,1430,962
GHA16_2,1805,986,1208,812
GHA1_2,1614,903,1090,726
GHA2_2,1851,1020,1244,833
GHA3_2,1043,574,708,469
GHA4_2,1496,878,1028,673
GHA5_2,1438,723,956,647
GHA6_2,3947,3371,2732,1776
GHA7_2,7673,7463,5348,3453
GHA8_2,2046,1417,1361,921
GHA9_2,2177,1325,1498,980
GIN.1_1,10475,2968,7223,4714
GIN.2_1,23392,3706,16087,10527
GIN.3_1,3801,1768,2622,1710
GIN.4_1,3364,1482,2320,1514
GIN.5_1,14707,3836,10165,6618
GIN.6_1,4832,1960,3312,2174
GIN.7_1,7209,2571,4969,3244
GIN.8_1,5957,2417,4063,2681
GLP.1_1,763,300,502,343
GLP.2_1,533,210,355,240
GMB.1_1,4245,1756,2808,1910
GMB.2_1,3320,1672,2198,1494
GMB.3_1,4419,3671,2869,1988
GMB.4_1,2811,1593,1850,1265
GMB.5_1,3318,2284,2120,1493
GMB.6_1,3885,1751,2547,1748
GNB.1_1,6761,2522,4708,3042
GNB.2_1,8684,2502,6030,3908
GNB.3_1,8704,2496,6044,3917
GNB.4_1,7758,3050,5330,3491
GNB.5_1,7931,2614,5521,3569
GNB.6_1,5550,2244,3862,2497
GNB.7_1,7029,2672,4900,3163
GNB.8_1,9653,3127,6713,4344
GNB.9_1,11616,3160,8053,5227
GNQ.1_1,14740,4485,9802,6633
GNQ.2_1,12879,3097,8649,5795
GNQ.3_1,12893,2958,8634,5802
GNQ.4_1,14849,5056,9872,6682
GNQ.5_1,12447,4602,8303,5601
GNQ.6_1,22695,6585,14942,10213
GNQ.7_1,12674,4613,8410,5704
GRD.1_1,245,97,168,110
GRD.2_1,217,87,149,98
GRD.3_1,217,87,149,98
GRD.4_1,217,87,149,98
GRD.5_1,217,87,149,98
GRD.6_1,217,87,149,98
GRD.7_1,217,87,149,98
GTM.10_1,3158,805,2154,1421
GTM.11_1,7054,2262,4854,3174
GTM.12_1,6930,2985,4625,3119
GTM.13_1,13032,3809,8827,5865
GTM.14_1,14463,3659,9665,6508
GTM.15_1,11528,4173,7882,5187
GTM.16_1,8243,2192,5632,3710
GTM.17_1,9606,2730,6547,4323
GTM.18_1,8376,2305,5745,3769
GTM.19_1,11721,2721,7983,5274
GTM.1_1,16462,4590,10927,7408
GTM.20_1,15104,4281,10363,6797
GTM.21_1,9203,2460,6272,4141
GTM.22_1,6716,2162,4421,3022
GTM.2_1,10784,1986,7146,4853
GTM.3_1,8524,2085,5824,3836
GTM.4_1,3948,968,2698,1776
GTM.5_1,4967,1056,3318,2235
GTM.6_1,15008,4230,10293,6754
GTM.7_1,6165,1522,4212,2774
GTM.8_1,12536,3024,8361,5641
GTM.9_1,10092,4421,6702,4541
GUF.1_1,12047,2905,8194,5421
GUF.2_1,8822,2751,5949,3970
GUM.10_1,4243,1404,2844,1910
GUM.11_1,4243,1404,2844,1910
GUM.12_1,4243,1404,2844,1910
GUM.13_1,4243,1404,2844,1910
GUM.14_1,4243,1404,2844,1910
GUM.15_1,4243,1404,2844,1910
GUM.16_1,3923,1288,2638,1765
GUM.17_1,4243,1404,2844,1910
GUM.18_1,3728,1217,2512,1677
GUM.19_1,4243,1404,2844,1910
GUM.1_1,4243,1404,2844,1910
GUM.2_1,4243,1404,2844,1910
GUM.3_1,4243,1404,2844,1910
GUM.4_1,4242,1403,2843,1909
GUM.5_1,4243,1404,2844,1910
GUM.6_1,3717,1213,2505,1672
GUM.7_1,4243,1404,2844,1910
GUM.8_1,4243,1404,2844,1910
GUM.9_1,4243,1403,2843,1909
GUY.10_1,8886,3794,5856,3998
GUY.1_1,8558,3754,5700,3851
GUY.2_1,12040,4668,7974,5418
GUY.3_1,4666,3189,3079,2100
GUY.4_1,6193,2450,4114,2787
GUY.5_1,4530,3103,2982,2038
GUY.6_1,3198,2194,2103,1439
GUY.7_1,7586,4044,5000,3414
GUY.8_1,16556,5676,10920,7450
GUY.9_1,10613,5382,6939,4776
HND.10_1,5329,1370,3613,2398
HND.11_1,3734,1366,2446,1680
HND.12_1,3157,739,2163,1420
HND.13_1,6020,1535,4081,2709
HND.14_1,5972,1642,4082,2687
HND.15_1,3514,1293,2376,1581
HND.16_1,5398,1768,3605,2429
HND.17_1,3740,1187,2580,1683
HND.18_1,5604,1501,3733,2522
HND.1_1,7680,1884,5056,3456
HND.2_1,5518,1577,3802,2483
HND.3_1,8056,2313,5296,3625
HND.4_1,5903,1762,3987,2656
HND.5_1,5699,2062,3846,2564
HND.6_1,5994,2310,3980,2697
HND.7_1,2914,914,2004,1312
HND.8_1,3241,1029,2224,1458
HND.9_1,8735,4379,5800,3931
HTI.10_1,4682,1299,3077,2107
HTI.1_1,2981,1046,1993,1341
HTI.2_1,3400,1056,2247,1530
HTI.3_1,3136,1154,2054,1411
HTI.4_1,4289,1296,2809,1930
HTI.5_1,3032,1020,2014,1364
HTI.6_1,3103,905,2034,1396
HTI.7_1,3759,1079,2450,1692
HTI.8_1,2040,629,1364,918
HTI.9_1,1811,430,1196,815
IDN.10_1,13814,4239,9247,6217
IDN.11_1,9819,3416,6605,4418
IDN.12_1,19035,8001,12714,8566
IDN.13_1,8498,4727,5639,3824
IDN.14_1,14996,7272,10037,6748
IDN.16_1,5697,4254,3727,2564
IDN.17_1,9633,4135,6432,4335
IDN.18_1,7217,3199,4851,3248
IDN.19_1,10847,3864,7194,4881
IDN.1_1,11337,3505,7493,5102
IDN.20_1,4336,1389,2921,1951
IDN.21_1,7140,1940,4866,3213
IDN.22_1,16515,5957,11049,7432
IDN.23_1,19896,5944,13576,8953
IDN.24_1,13466,6894,9022,6060
IDN.25_1,9561,3094,6436,4302
IDN.26_1,13852,3776,9232,6234
IDN.27_1,8545,2765,5660,3846
IDN.28_1,7627,2890,5071,3432
IDN.29_1,10454,3604,7023,4704
IDN.2_1,10525,3595,6970,4736
IDN.30_1,17982,5509,12132,8092
IDN.31_1,12251,5805,8104,5513
IDN.32_1,12179,4617,8091,5480
IDN.33_1,10706,3368,7151,4818
IDN.34_1,11213,5586,7575,5046
IDN.35_1,14770,6554,10140,6647
IDN.3_1,13066,6790,8600,5880
IDN.4_1,17314,5811,11459,7792
IDN.5_1,14354,5403,9606,6459
IDN.6_1,5404,2019,3619,2432
IDN.7_1,13746,5010,9162,6186
IDN.8_1,10270,5558,6886,4621
IDN.9_1,15577,5001,10436,7010
IND.10_1,22213,3386,15334,9996
IND.11_1,4810,1770,3256,2164
IND.12_1,1147,247,790,516
IND.13_1,6889,928,4657,3100
IND.15_1,5391,1487,3726,2426
IND.16_1,4447,904,3040,2001
IND.17_1,16081,2886,10965,7236
IND.18_1,4319,1741,2929,1944
IND.19_1,4254,1012,2930,1914
IND.1_1,9851,3940,6634,4433
IND.20_1,5704,982,3934,2567
IND.21_1,9163,2025,6214,4124
IND.22_1,27495,3467,18843,12373
IND.23_1,15931,3052,10854,7169
IND.24_1,18479,3104,12475,8316
IND.25_1,1706,889,1098,768
IND.26_1,6109,1644,4193,2749
IND.27_1,11064,1650,7484,4979
IND.28_1,1194,347,817,537
IND.29_1,1775,536,1197,799
IND.2_1,2520,661,1701,1134
IND.30_1,14806,1182,10106,6663
IND.31_1,2701,720,1803,1215
IND.32_1,1820,635,1242,819
IND.33_1,13607,3678,9349,6123
IND.34_1,3128,941,2139,1408
IND.35_1,6666,763,4500,3000
IND.36_1,9932,2075,6851,4469
IND.3_1,21945,3195,14803,9875
IND.4_1,18941,3569,12868,8524
IND.5_1,4067,1079,2811,1830
IND.6_1,2711,663,1873,1220
IND.7_1,5503,1648,3797,2476
IND.8_1,19749,1901,13758,8887
IND.9_1,12455,1582,8658,5604
IRN.10_1,1441,407,999,649
IRN.11_1,768,78,527,346
IRN.12_1,2387,331,1629,1074
IRN.13_1,722,189,492,325
IRN.14_1,2948,592,2029,1326
IRN.15_1,3629,2206,2483,1633
IRN.16_1,3782,522,2624,1702
IRN.17_1,2660,423,1832,1197
IRN.18_1,3142,443,2170,1414
IRN.19_1,773,247,530,348
IRN.1_1,2092,511,1409,942
IRN.20_1,2336,534,1587,1051
IRN.21_1,683,184,464,307
IRN.22_1,1350,427,914,608
IRN.23_1,758,477,518,341
IRN.24_1,539,235,367,242
IRN.25_1,642,385,429,289
IRN.26_1,623,73,418,280
IRN.27_1,406,72,279,183
IRN.28_1,1412,412,955,635
IRN.29_1,1522,321,1033,685
IRN.2_1,867,182,586,390
IRN.30_1,378,172,258,170
IRN.31_1,1035,295,701,466
IRN.3_1,1180,178,815,531
IRN.4_1,3890,684,2689,1750
IRN.5_1,755,242,509,340
IRN.6_1,655,183,449,295
IRN.7_1,1309,219,904,589
IRN.8_1,3956,681,2674,1780
IRN.9_1,1035,451,702,466
IRQ.10_1,1740,1531,1204,783
IRQ.11_1,3890,3628,2644,1751
IRQ.12_1,4964,1708,3360,2234
IRQ.13_1,1681,537,1139,756
IRQ.14_1,798,339,546,359
IRQ.15_1,5894,5262,4086,2652
IRQ.16_1,1736,640,1174,782
IRQ.17_1,1353,482,914,609
IRQ.18_1,1617,966,1092,728
IRQ.1_1,430,243,295,193
IRQ.2_1,6872,6486,4747,3092
IRQ.3_1,490,113,334,220
IRQ.4_1,397,156,269,179
IRQ.5_1,345,29,233,155
IRQ.6_1,2123,520,1444,955
IRQ.7_1,3318,678,2282,1493
IRQ.8_1,1194,408,817,537
IRQ.9_1,637,500,442,286
JAM.10_1,3456,1513,2262,1555
JAM.11_1,7022,1741,4600,3160
JAM.12_1,6322,2206,4211,2845
JAM.13_1,3652,1564,2391,1643
JAM.14_1,4265,1668,2828,1919
JAM.1_1,3328,1129,2204,1498
JAM.2_1,4434,1698,2947,1995
JAM.3_1,3908,1646,2594,1758
JAM.4_1,3400,1237,2245,1530
JAM.5_1,8960,2121,5946,4032
JAM.6_1,6712,1724,4403,3020
JAM.7_1,4428,1733,2906,1993
JAM.8_1,4776,1522,3144,2149
JAM.9_1,3544,1359,2335,1595
JOR.10_1,274,91,186,123
JOR.11_1,951,293,630,428
JOR.12_1,305,148,205,137
JOR.1_1,535,182,373,241
JOR.2_1,441,161,304,199
JOR.3_1,328,55,222,148
JOR.4_1,679,234,472,305
JOR.5_1,596,286,408,268
JOR.6_1,496,157,345,223
JOR.7_1,1018,253,693,458
JOR.8_1,182,51,123,82
JOR.9_1,904,296,625,407
KAZ.10_1,303,176,204,136
KAZ.11_1,723,644,497,325
KAZ.12_1,1155,529,780,520
KAZ.13_1,414,187,276,186
KAZ.14_1,580,194,393,261
KAZ.1_1,1174,427,789,528
KAZ.2_1,430,156,285,193
KAZ.3_1,285,46,195,128
KAZ.4_1,150,85,103,68
KAZ.5_1,1217,287,810,548
KAZ.6_1,100,42,67,45
KAZ.7_1,431,231,284,194
KAZ.8_1,350,195,234,158
KAZ.9_1,344,85,231,155
KEN.10_1,1353,583,907,609
KEN.11_1,8099,4134,5380,3644
KEN.12_1,6234,2579,4208,2805
KEN.13_1,2464,814,1651,1109
KEN.14_1,1640,886,1073,738
KEN.15_1,2967,979,1977,1335
KEN.16_1,6810,3229,4641,3065
KEN.17_1,4952,2379,3333,2228
KEN.18_1,1006,339,676,452
KEN.19_1,1117,263,756,503
KEN.1_1,3037,1050,2000,1367
KEN.20_1,814,352,541,366
KEN.21_1,3149,1794,2057,1417
KEN.22_1,1319,421,888,594
KEN.23_1,959,333,646,431
KEN.24_1,341,91,233,154
KEN.25_1,943,221,632,424
KEN.26_1,2280,701,1548,1026
KEN.27_1,5148,2500,3423,2317
KEN.28_1,2114,529,1440,951
KEN.29_1,3124,1057,2074,1406
KEN.2_1,1825,839,1219,821
KEN.30_1,2040,749,1378,918
KEN.31_1,1157,437,764,521
KEN.32_1,7088,3268,4729,3189
KEN.33_1,1527,655,1017,687
KEN.34_1,5021,2376,3409,2259
KEN.35_1,1893,716,1243,852
KEN.36_1,2471,696,1634,1112
KEN.37_1,648,159,435,292
KEN.38_1,4387,2457,2917,1974
KEN.39_1,685,256,461,308
KEN.3_1,6084,2876,4084,2738
KEN.40_1,1490,1165,1011,670
KEN.41_1,3243,1012,2214,1459
KEN.42_1,4583,1883,3106,2062
KEN.43_1,796,144,528,358
KEN.44_1,6195,2863,4144,2787
KEN.45_1,8325,4197,5530,3746
KEN.46_1,876,479,595,394
KEN.47_1,3264,790,2209,1469
KEN.4_1,4819,2673,3188,2169
KEN.5_1,4599,1575,3050,2070
KEN.6_1,2483,764,1677,1117
KEN.7_1,1339,1016,914,603
KEN.8_1,3798,1960,2544,1709
KEN.9_1,1900,1312,1279,855
KGZ.1_1,1164,309,789,524
KGZ.2_1,4043,1322,2686,1819
KGZ.3_1,2721,796,1828,1225
KGZ.4_1,3112,517,2080,1400
KGZ.5_1,1449,209,979,652
KGZ.6_1,410,192,273,184
KGZ.7_1,1725,244,1166,776
KGZ.8_1,3200,402,2148,1440
KGZ.9_1,2174,942,1478,978
KHM.10_1,6747,2442,4572,3036
KHM.11_1,9056,3938,6170,4075
KHM.12_1,7788,2628,5331,3505
KHM.13_1,13334,4028,9010,6000
KHM.14_1,12202,4263,8306,5491
KHM.15_1,3824,2142,2629,1721
KHM.16_1,2452,1373,1673,1103
KHM.17_1,8694,2464,5894,3912
KHM.18_1,5964,2690,4093,2684
KHM.19_1,2753,1246,1885,1239
KHM.1_1,3573,1948,2446,1608
KHM.20_1,12998,3688,8900,5849
KHM.21_1,3655,1784,2496,1645
KHM.22_1,9623,3607,6549,4330
KHM.23_1,6525,2739,4475,2936
KHM.24_1,2816,1539,1919,1268
KHM.25_1,6469,2768,4435,2911
KHM.2_1,5054,1876,3437,2275
KHM.3_1,3250,1276,2230,1463
KHM.4_1,2927,1304,1993,1317
KHM.5_1,4237,1721,2873,1907
KHM.6_1,3399,1763,2325,1530
KHM.7_1,6299,2472,4268,2834
KHM.8_1,1481,797,1011,666
KHM.9_1,22556,4887,15226,10150
KNA.10_1,162,45,111,73
KNA.11_1,162,45,111,73
KNA.12_1,162,45,111,73
KNA.13_1,162,45,111,73
KNA.14_1,162,45,111,73
KNA.1_1,162,45,111,73
KNA.2_1,162,45,111,73
KNA.3_1,162,45,111,73
KNA.4_1,162,45,111,73
KNA.5_1,162,45,111,73
KNA.6_1,162,45,111,73
KNA.7_1,162,45,111,73
KNA.8_1,162,45,111,73
KNA.9_1,162,45,111,73
KWT.1_1,420,32,287,189
KWT.2_1,480,34,328,216
KWT.3_1,564,139,380,254
KWT.4_1,485,34,332,218
KWT.5_1,430,28,291,193
KWT.6_1,423,28,286,190
LAO.10_1,9554,2353,6342,4299
LAO.11_1,10695,3300,7204,4813
LAO.12_1,8749,3450,5961,3937
LAO.13_1,11425,4032,7782,5141
LAO.14_1,10609,2964,7195,4774
LAO.15_1,4301,1180,2926,1936
LAO.16_1,14519,2914,9912,6533
LAO.17_1,11542,2429,7734,5194
LAO.18_1,7891,1697,5357,3551
LAO.1_1,11590,3440,7857,5215
LAO.2_1,4645,1441,3163,2090
LAO.3_1,14584,2623,10006,6563
LAO.4_1,10786,3758,7376,4854
LAO.5_1,5545,1127,3737,2495
LAO.6_1,11338,2507,7767,5102
LAO.7_1,4293,1427,2866,1932
LAO.8_1,5805,1205,3915,2612
LAO.9_1,3200,916,2167,1440
LBN.1_1,4671,954,3182,2102
LBN.2_1,2428,792,1680,1092
LBN.3_1,3384,776,2332,1522
LBN.4_1,2922,679,2023,1315
LBN.5_1,3699,785,2557,1665
LBN.6_1,2197,579,1517,989
LBN.7_1,3785,848,2617,1703
LBN.8_1,3020,735,2083,1359
LBR.10_1,7048,3145,4717,3172
LBR.11_1,14051,4720,9559,6323
LBR.12_1,5887,2663,3962,2649
LBR.13_1,12684,4813,8537,5708
LBR.14_1,7054,3220,4729,3174
LBR.15_1,11922,4893,7918,5365
LBR.1_1,13646,4834,9258,6141
LBR.2_1,9592,3779,6485,4317
LBR.3_1,9579,3747,6532,4310
LBR.4_1,10839,4234,7391,4878
LBR.5_1,15836,5002,10711,7126
LBR.6_1,5875,2829,3987,2644
LBR.7_1,8864,4025,5856,3989
LBR.8_1,9267,3203,6320,4170
LBR.9_1,14231,4719,9648,6404
LBY.10_1,1288,421,866,580
LBY.11_1,865,148,589,389
LBY.12_1,1158,304,796,521
LBY.13_1,1705,189,1165,767
LBY.14_1,16,1,11,7
LBY.15_1,550,200,372,247
LBY.16_1,8,0,6,3
LBY.17_1,343,28,233,155
LBY.18_1,12,1,9,6
LBY.19_1,357,57,239,161
LBY.1_1,194,22,131,87
LBY.20_1,435,109,294,196
LBY.21_1,17,1,11,7
LBY.22_1,31,1,21,14
LBY.2_1,2599,407,1789,1170
LBY.3_1,300,25,202,135
LBY.4_1,851,113,576,383
LBY.5_1,28,1,19,13
LBY.6_1,1,0,1,0
LBY.7_1,2229,450,1522,1003
LBY.8_1,644,99,435,290
LBY.9_1,335,240,226,151
LCA.10_1,322,114,217,145
LCA.1_1,189,67,127,85
LCA.2_1,184,65,124,83
LCA.3_1,95,35,63,43
LCA.4_1,317,112,214,142
LCA.5_1,159,57,107,72
LCA.6_1,88,33,59,40
LCA.7_1,333,117,224,150
LCA.8_1,247,87,166,111
LCA.9_1,266,94,179,119
LKA.10_1,9662,3489,6415,4348
LKA.11_1,4074,1158,2624,1833
LKA.12_1,5745,2112,3772,2585
LKA.13_1,2613,1568,1703,1176
LKA.14_1,5134,1552,3434,2310
LKA.15_1,1702,770,1131,766
LKA.16_1,5741,1723,3806,2583
LKA.17_1,6901,2712,4536,3105
LKA.18_1,4988,1508,3316,2245
LKA.19_1,2266,1310,1484,1020
LKA.1_1,6081,1520,4080,2736
LKA.20_1,5311,1783,3463,2390
LKA.21_1,5675,1528,3803,2554
LKA.22_1,3747,1232,2510,1686
LKA.23_1,7593,2787,5023,3417
LKA.24_1,4192,1248,2816,1886
LKA.25_1,2009,968,1332,904
LKA.2_1,4037,1369,2686,1817
LKA.3_1,5798,1646,3848,2609
LKA.4_1,6541,1333,4437,2944
LKA.5_1,10072,3269,6694,4532
LKA.6_1,9083,3687,5957,4087
LKA.7_1,6750,2224,4458,3037
LKA.8_1,4169,1534,2754,1876
LKA.9_1,4870,2756,3144,2192
LSO.10_1,1391,124,926,626
LSO.1_1,1072,147,717,482
LSO.2_1,1830,155,1234,823
LSO.3_1,1127,116,755,507
LSO.4_1,667,95,443,300
LSO.5_1,1044,123,697,470
LSO.6_1,935,158,620,421
LSO.7_1,2042,174,1359,919
LSO.8_1,1079,148,714,486
LSO.9_1,1086,113,719,489
MAR.10_1,387,70,260,174
MAR.11_1,1632,752,1103,735
MAR.12_1,371,57,251,167
MAR.13_1,818,208,559,368
MAR.14_1,3875,983,2631,1744
MAR.15_1,1019,210,696,458
MAR.1_1,569,253,390,256
MAR.2_1,443,154,304,199
MAR.3_1,629,167,430,283
MAR.4_1,3261,1551,2195,1468
MAR.5_1,752,305,522,338
MAR.6_1,346,27,236,156
MAR.7_1,229,32,156,103
MAR.8_1,356,95,242,160
MAR.9_1,650,169,439,293
MDG.1_1,7936,2547,5413,3571
MDG.2_1,11151,3595,7443,5018
MDG.3_1,5285,1674,3536,2379
MDG.4_1,8748,2508,5991,3937
MDG.5_1,13047,4098,8669,5871
MDG.6_1,2726,953,1827,1227
MEX.10_1,1069,188,717,481
MEX.11_1,500,124,339,225
MEX.12_1,4869,1198,3362,2191
MEX.13_1,1985,413,1345,893
MEX.14_1,1447,431,988,651
MEX.15_1,2457,717,1685,1106
MEX.16_1,2406,703,1648,1083
MEX.17_1,2483,757,1713,1117
MEX.18_1,3462,1022,2354,1558
MEX.19_1,567,168,377,255
MEX.1_1,348,108,239,157
MEX.20_1,6237,1291,4240,2806
MEX.21_1,2542,675,1718,1144
MEX.22_1,1168,229,804,526
MEX.23_1,953,636,642,429
MEX.24_1,1497,373,1018,674
MEX.25_1,1608,626,1066,723
MEX.26_1,519,118,350,234
MEX.27_1,7346,2605,4915,3305
MEX.28_1,1498,799,1024,674
MEX.29_1,762,204,518,343
MEX.2_1,440,38,296,198
MEX.30_1,7880,2307,5344,3546
MEX.31_1,621,274,415,279
MEX.32_1,361,91,246,162
MEX.3_1,297,129,203,134
MEX.4_1,1522,830,1030,685
MEX.5_1,8320,2542,5614,3744
MEX.6_1,486,118,325,219
MEX.7_1,356,92,236,160
MEX.8_1,2469,705,1656,1111
MEX.9_1,2696,482,1825,1213
MHL.10_1,5716,2383,3850,2572
MHL.11_1,2328,1286,1552,1047
MHL.12_1,3949,1688,2611,1777
MHL.13_1,7108,3083,4863,3198
MHL.14_1,5042,2139,3334,2269
MHL.15_1,5042,2139,3334,2269
MHL.16_1,10910,4343,7428,4909
MHL.17_1,5716,2383,3850,2572
MHL.18_1,4339,1960,2909,1953
MHL.19_1,5716,2383,3850,2572
MHL.1_1,10625,4066,7150,4781
MHL.20_1,5716,2383,3850,2572
MHL.21_1,685,342,455,309
MHL.22_1,5716,2383,3850,2572
MHL.23_1,5042,2139,3334,2269
MHL.2_1,2202,968,1457,991
MHL.3_1,7323,3154,5008,3296
MHL.4_1,6831,2956,4658,3074
MHL.5_1,5716,2383,3850,2572
MHL.6_1,2304,684,1503,1037
MHL.7_1,10625,4066,7150,4781
MHL.8_1,10495,4213,7155,4723
MHL.9_1,2328,1286,1552,1047
MLI.1_1,1552,860,1029,699
MLI.2_1,1273,660,860,573
MLI.3_1,1192,615,817,537
MLI.4_1,85,17,58,38
MLI.5_1,1188,696,802,534
MLI.6_1,6886,6053,4749,3099
MLI.7_1,3151,2935,2167,1418
MLI.8_1,2146,1242,1428,966
MLI.9_1,813,609,563,366
MMR.10_1,7638,2781,5253,3437
MMR.11_1,30952,4296,21133,13928
MMR.12_1,9991,2087,6819,4496
MMR.13_1,5310,1644,3615,2390
MMR.14_1,19015,4066,12898,8556
MMR.15_1,15853,3767,10827,7134
MMR.1_1,11441,2887,7833,5148
MMR.2_1,14768,4151,10108,6646
MMR.3_1,12851,2350,8775,5783
MMR.4_1,18801,2932,12693,8461
MMR.5_1,4811,1316,3308,2165
MMR.6_1,18764,3590,12784,8444
MMR.7_1,3959,1652,2712,1782
MMR.8_1,3559,1547,2420,1602
MMR.9_1,36759,5304,25244,16542
MNG.10_1,101,17,68,45
MNG.11_1,43,14,29,20
MNG.12_1,1008,604,686,454
MNG.13_1,694,594,483,313
MNG.14_1,1328,306,901,598
MNG.15_1,291,27,198,131
MNG.16_1,2644,2093,1823,1190
MNG.17_1,240,39,162,108
MNG.18_1,1499,975,1034,675
MNG.19_1,69,40,48,31
MNG.1_1,526,75,353,237
MNG.20_1,391,137,264,176
MNG.21_1,588,225,396,265
MNG.22_1,362,273,248,163
MNG.2_1,839,383,566,378
MNG.3_1,206,25,141,93
MNG.4_1,1682,1196,1164,757
MNG.5_1,841,310,573,378
MNG.6_1,608,498,418,273
MNG.7_1,97,10,66,44
MNG.8_1,47,7,31,21
MNG.9_1,268,79,182,121
MNP.1_1,3000,1150,2025,1350
MNP.2_1,3714,1212,2503,1671
MNP.3_1,3000,1150,2025,1350
MNP.4_1,3000,1150,2025,1350
MOZ.10_1,2987,1636,2048,1344
MOZ.11_1,4152,1324,2833,1868
MOZ.1_1,5869,1832,4080,2641
MOZ.2_1,1853,1277,1233,834
MOZ.3_1,2854,1069,1902,1284
MOZ.4_1,3864,1077,2619,1739
MOZ.5_1,2767,982,1854,1245
MOZ.6_1,2070,756,1382,932
MOZ.7_1,4927,1432,3403,2217
MOZ.8_1,5438,1795,3769,2447
MOZ.9_1,4212,1355,2859,1896
MRT.10_1,545,176,364,245
MRT.11_1,385,30,260,173
MRT.12_1,235,32,157,106
MRT.13_1,1214,769,828,546
MRT.1_1,136,14,92,61
MRT.2_1,470,118,318,211
MRT.3_1,2050,1475,1411,923
MRT.4_1,192,64,128,86
MRT.5_1,4044,3667,2791,1820
MRT.6_1,1615,1391,1109,727
MRT.7_1,432,48,295,194
MRT.8_1,476,84,324,214
MRT.9_1,247,63,168,111
MSR.1_1,425,126,283,191
MSR.2_1,425,126,283,191
MSR.3_1,425,126,283,191
MTQ.1_1,10058,3516,6676,4526
MTQ.2_1,4601,1599,3079,2070
MTQ.3_1,9012,3149,5986,4055
MTQ.4_1,11576,4053,7667,5209
MUS.10_1,516,139,350,232
MUS.11_1,758,203,516,341
MUS.12_1,1746,672,1154,786
MUS.1_1,1314,548,882,591
MUS.2_1,558,234,379,251
MUS.3_1,3310,1245,2176,1490
MUS.4_1,3310,1245,2176,1490
MUS.5_1,3140,1182,2064,1413
MUS.6_1,3301,1241,2170,1486
MUS.7_1,1797,690,1188,809
MUS.8_1,2690,1017,1771,1211
MUS.9_1,3310,1245,2176,1490
MWI.10_1,1890,874,1316,850
MWI.11_1,1630,580,1133,734
MWI.12_1,2280,730,1581,1026
MWI.13_1,28840,27737,19448,12978
MWI.14_1,1946,786,1348,876
MWI.15_1,3668,1017,2535,1651
MWI.16_1,2477,850,1712,1115
MWI.17_1,1515,711,1041,682
MWI.18_1,1870,704,1297,842
MWI.19_1,1158,529,802,521
MWI.1_1,1713,618,1188,771
MWI.20_1,1143,502,793,514
MWI.21_1,5266,4324,3354,2370
MWI.22_1,1782,665,1238,802
MWI.23_1,1295,785,861,583
MWI.24_1,4461,1194,3080,2008
MWI.25_1,913,475,626,411
MWI.26_1,1359,542,944,611
MWI.27_1,2101,621,1452,945
MWI.28_1,2432,780,1684,1094
MWI.2_1,2340,724,1620,1053
MWI.3_1,1682,773,1146,757
MWI.4_1,3924,1112,2712,1766
MWI.5_1,2386,949,1664,1074
MWI.6_1,1480,527,1030,666
MWI.7_1,1478,622,1016,665
MWI.8_1,1543,624,1077,694
MWI.9_1,1244,604,851,560
MYS.10_1,5953,2581,3908,2679
MYS.11_1,9919,4023,6543,4463
MYS.12_1,7827,4076,5136,3522
MYS.13_1,11458,5090,7646,5156
MYS.14_1,18209,7086,12156,8194
MYS.15_1,10215,4473,6796,4597
MYS.16_1,15536,4802,9982,6991
MYS.1_1,9911,5651,6460,4460
MYS.2_1,7005,3018,4572,3152
MYS.3_1,12980,4644,8455,5841
MYS.4_1,10142,4366,6741,4564
MYS.5_1,1081,423,734,487
MYS.6_1,5724,2686,3729,2576
MYS.7_1,6068,3133,4012,2730
MYS.8_1,9817,4481,6401,4418
MYS.9_1,10682,4244,7058,4807
MYT.10_1,1512,687,1020,680
MYT.11_1,1512,687,1020,680
MYT.12_1,1512,687,1020,680
MYT.13_1,1512,687,1020,680
MYT.14_1,1512,687,1020,680
MYT.15_1,1512,687,1020,680
MYT.16_1,1512,687,1020,680
MYT.17_1,1512,687,1020,680
MYT.1_1,1512,687,1020,680
MYT.2_1,1512,687,1020,680
MYT.3_1,1512,687,1020,680
MYT.4_1,1512,687,1020,680
MYT.5_1,1512,687,1020,680
MYT.6_1,1512,687,1020,680
MYT.7_1,1512,687,1020,680
MYT.8_1,1512,687,1020,680
MYT.9_1,1510,686,1018,679
NAM.10_1,1300,1194,860,585
NAM.11_1,601,373,394,270
NAM.12_1,210,93,145,95
NAM.13_1,4485,4382,3126,2018
NAM.1_1,76,9,52,34
NAM.2_1,188,27,129,84
NAM.3_1,119,30,82,54
NAM.4_1,416,298,285,188
NAM.5_1,166,44,114,74
NAM.6_1,449,66,306,202
NAM.7_1,504,374,342,227
NAM.8_1,275,92,190,124
NAM.9_1,360,228,243,162
NCL.1_1,1964,794,1307,884
NCL.2_1,6104,1631,3968,2746
NCL.3_1,6162,1564,4019,2773
NER.1_1,164,60,111,74
NER.2_1,821,294,554,370
NER.3_1,1568,1012,1046,706
NER.4_1,203,97,139,91
NER.5_1,590,341,377,266
NER.6_1,593,207,400,267
NER.7_1,2254,1391,1503,1014
NER.8_1,544,105,373,244
NGA.10_1,8971,3107,6125,4037
NGA.11_1,10249,3797,7059,4612
NGA.12_1,8956,3668,6139,4030
NGA.13_1,4540,2205,3139,2043
NGA.14_1,8105,3844,5592,3647
NGA.15_1,4661,2082,3224,2098
NGA.16_1,3425,2150,2279,1542
NGA.17_1,10422,4631,7134,4690
NGA.18_1,3464,2686,2295,1559
NGA.19_1,3711,1581,2547,1670
NGA.1_1,11812,5212,8080,5316
NGA.20_1,2784,1425,1826,1253
NGA.21_1,1273,519,857,573
NGA.22_1,2944,2015,1992,1325
NGA.23_1,4111,2620,2817,1850
NGA.24_1,2798,1388,1931,1259
NGA.25_1,4459,2263,3041,2006
NGA.26_1,3813,1799,2634,1716
NGA.27_1,3587,1676,2471,1614
NGA.28_1,4415,2211,3020,1987
NGA.29_1,6717,3156,4572,3023
NGA.2_1,3392,2112,2305,1526
NGA.30_1,4520,2246,3101,2034
NGA.31_1,3117,1479,2149,1403
NGA.32_1,3306,1658,2262,1488
NGA.33_1,8767,3609,5975,3945
NGA.34_1,1506,1072,988,678
NGA.35_1,5040,2694,3455,2268
NGA.36_1,2995,2234,2003,1348
NGA.37_1,1626,666,1103,732
NGA.3_1,12233,5589,8358,5505
NGA.4_1,6698,3174,4593,3014
NGA.5_1,3426,2030,2298,1542
NGA.6_1,6740,2250,4557,3033
NGA.7_1,5882,2657,4062,2647
NGA.8_1,2614,1711,1746,1176
NGA.9_1,11612,4389,7934,5225
NIC.10_1,1886,776,1290,849
NIC.11_1,5242,1465,3522,2359
NIC.12_1,3773,802,2589,1698
NIC.13_1,4721,2828,3139,2125
NIC.14_1,4530,2598,3029,2038
NIC.15_1,8704,2751,5858,3917
NIC.16_1,2706,566,1860,1217
NIC.17_1,10452,3298,7004,4704
NIC.18_1,3022,1297,2079,1360
NIC.1_1,10682,4789,7163,4807
NIC.2_1,13838,4505,9312,6227
NIC.3_1,4895,1616,3318,2203
NIC.4_1,3831,1666,2587,1724
NIC.5_1,6577,2178,4484,2960
NIC.6_1,5774,1952,3923,2598
NIC.7_1,3699,830,2530,1665
NIC.8_1,2084,893,1411,938
NIC.9_1,6407,2170,4323,2883
NPL.1_1,9900,1442,6725,4455
NPL.2_1,10761,1442,7316,4842
NPL.3_1,10712,1370,7125,4820
NPL.4_1,6968,932,4694,3136
NPL.5_1,12763,1554,8621,5743
NRU.10_1,5674,2155,3711,2553
NRU.11_1,5674,2155,3711,2553
NRU.12_1,5674,2155,3711,2553
NRU.13_1,5674,2155,3711,2553
NRU.14_1,5674,2155,3711,2553
NRU.1_1,5674,2155,3711,2553
NRU.2_1,5674,2155,3711,2553
NRU.3_1,5674,2155,3711,2553
NRU.4_1,5674,2155,3711,2553
NRU.5_1,5674,2155,3711,2553
NRU.6_1,5674,2155,3711,2553
NRU.7_1,5674,2155,3711,2553
NRU.8_1,5674,2155,3711,2553
NRU.9_1,5674,2155,3711,2553
OMN.10_1,1020,44,693,459
OMN.11_1,687,32,460,309
OMN.1_1,400,20,266,180
OMN.2_1,579,31,387,261
OMN.3_1,685,30,462,308
OMN.4_1,457,30,308,206
OMN.5_1,324,33,218,146
OMN.6_1,158,47,106,71
OMN.7_1,414,18,277,186
OMN.8_1,391,11,262,176
OMN.9_1,148,5,99,67
PAK.2_1,664,61,439,299
PAK.3_1,1993,372,1294,897
PAK.4_1,2374,700,1585,1068
PAK.5_1,4514,1043,2982,2032
PAK.7_1,1080,705,737,486
PAK.8_1,2822,2104,1904,1270
PAN.10_1,24995,6130,16936,11248
PAN.11_1,10546,3674,7258,4746
PAN.12_1,12117,4708,8277,5452
PAN.13_1,18468,4796,12706,8311
PAN.1_1,20524,4336,13780,9236
PAN.2_1,22352,5734,15298,10058
PAN.3_1,13213,4218,9034,5946
PAN.4_1,17857,6111,12134,8036
PAN.5_1,11605,4306,7885,5222
PAN.6_1,12191,4370,8274,5486
PAN.7_1,12174,3934,8429,5478
PAN.8_1,11349,4598,7730,5107
PAN.9_1,8275,3004,5702,3724
PER.10_1,15469,3412,10260,6961
PER.11_1,158,6,109,71
PER.12_1,9165,2732,6083,4124
PER.13_1,2060,377,1384,927
PER.14_1,714,130,484,322
PER.15_1,111,4,76,50
PER.16_1,1212,398,818,545
PER.17_1,13674,5819,9259,6153
PER.18_1,12698,3276,8408,5714
PER.19_1,415,75,276,187
PER.1_1,12261,4369,8237,5517
PER.20_1,13915,3439,9204,6262
PER.21_1,1305,222,883,587
PER.22_1,5638,1263,3747,2537
PER.23_1,12444,4104,8333,5600
PER.24_1,192,24,130,86
PER.25_1,1994,400,1356,898
PER.26_1,11822,4771,7862,5320
PER.2_1,2863,533,1934,1288
PER.3_1,5530,1036,3695,2488
PER.4_1,921,216,619,415
PER.5_1,3606,870,2410,1623
PER.6_1,4724,1290,3167,2126
PER.7_1,5,1,4,2
PER.8_1,10589,2527,7082,4765
PER.9_1,3621,1114,2417,1629
PHL.10_1,18357,3023,12503,8261
PHL.11_1,7457,2006,5052,3355
PHL.12_1,9447,3006,6371,4251
PHL.13_1,13546,2221,9201,6096
PHL.14_1,9929,3014,6635,4468
PHL.15_1,6665,2268,4474,2999
PHL.16_1,10009,2746,6633,4504
PHL.17_1,11320,3233,7637,5094
PHL.18_1,7612,2492,5091,3425
PHL.19_1,27101,6502,17487,12196
PHL.1_1,16978,2902,11460,7640
PHL.20_1,17566,4701,11473,7905
PHL.21_1,9865,2961,6699,4439
PHL.22_1,12267,3535,8218,5520
PHL.23_1,10817,3596,6947,4868
PHL.24_1,10004,2432,6822,4502
PHL.25_1,5072,2020,3397,2282
PHL.26_1,9002,2955,5950,4051
PHL.27_1,8382,2734,5626,3772
PHL.28_1,6278,1806,4241,2825
PHL.29_1,8018,2709,5233,3608
PHL.2_1,18134,4512,11864,8160
PHL.30_1,13249,3841,8648,5962
PHL.31_1,19213,5948,12468,8646
PHL.32_1,10474,3890,7116,4713
PHL.33_1,11657,2904,7805,5246
PHL.34_1,15035,3473,10086,6766
PHL.35_1,16221,2685,11029,7299
PHL.36_1,11852,3611,7989,5334
PHL.37_1,13037,3608,8480,5866
PHL.38_1,11694,2816,7922,5262
PHL.39_1,15344,2720,10561,6905
PHL.3_1,14142,4910,9282,6364
PHL.40_1,7441,2258,4950,3349
PHL.41_1,6951,2330,4651,3128
PHL.42_1,7862,2724,5286,3538
PHL.43_1,11560,4103,7601,5202
PHL.44_1,4874,2048,3233,2194
PHL.45_1,8629,3431,5697,3883
PHL.46_1,7667,2169,5131,3450
PHL.47_1,10473,2864,7050,4713
PHL.48_1,8314,2721,5445,3742
PHL.49_1,7930,2372,5310,3569
PHL.4_1,17651,4921,11919,7943
PHL.50_1,13965,2778,9442,6284
PHL.51_1,11050,3468,7448,4972
PHL.52_1,8402,2716,5650,3781
PHL.53_1,7137,2766,4794,3212
PHL.54_1,17618,5397,11524,7928
PHL.55_1,11110,3227,7471,5000
PHL.56_1,10842,2354,7202,4879
PHL.57_1,12438,2868,8354,5597
PHL.58_1,11712,3415,7838,5270
PHL.59_1,6662,2321,4485,2998
PHL.5_1,14725,4772,9664,6626
PHL.60_1,12639,3656,8644,5687
PHL.61_1,16090,3420,11035,7241
PHL.62_1,16012,4374,10438,7206
PHL.63_1,15205,3388,9880,6842
PHL.64_1,10501,2741,7029,4725
PHL.65_1,10148,2723,6762,4567
PHL.66_1,18016,5459,11782,8107
PHL.67_1,1502,529,1009,676
PHL.68_1,2596,1186,1690,1168
PHL.69_1,13003,3793,8486,5851
PHL.6_1,17690,4307,11929,7960
PHL.70_1,1243,511,829,559
PHL.71_1,12944,4251,8452,5825
PHL.72_1,3714,1579,2465,1671
PHL.73_1,923,486,618,415
PHL.74_1,20478,4805,13441,9215
PHL.75_1,25045,5871,16318,11270
PHL.76_1,16705,3690,11489,7517
PHL.77_1,947,513,630,426
PHL.78_1,21626,3311,14860,9732
PHL.79_1,10808,3162,7146,4863
PHL.7_1,11369,3231,7644,5116
PHL.80_1,7869,2600,5221,3541
PHL.81_1,11056,3434,7324,4975
PHL.8_1,15995,3667,10474,7198
PHL.9_1,2167,1019,1431,975
PLW.10_1,8846,4167,5766,3981
PLW.11_1,9327,4233,6159,4197
PLW.12_1,9380,4229,6192,4221
PLW.13_1,8920,4175,5825,4014
PLW.14_1,8846,4167,5766,3981
PLW.15_1,9027,4275,5998,4062
PLW.16_1,9058,4211,5955,4076
PLW.1_1,9210,4246,6091,4144
PLW.2_1,9384,4230,6195,4223
PLW.3_1,9404,4280,6276,4232
PLW.4_1,9058,4211,5955,4076
PLW.5_1,8846,4167,5766,3981
PLW.6_1,8949,4271,5937,4027
PLW.7_1,8985,4183,5876,4043
PLW.8_1,8846,4167,5766,3981
PLW.9_1,8846,4167,5766,3981
PNG.10_1,15816,5524,10654,7117
PNG.11_1,13760,4828,9139,6192
PNG.12_1,7292,3573,5011,3281
PNG.13_1,10221,4120,6828,4599
PNG.14_1,13327,4011,8926,5997
PNG.15_1,7061,2493,4613,3178
PNG.16_1,12472,4403,8452,5612
PNG.17_1,14657,4700,9825,6596
PNG.18_1,15746,5579,10706,7086
PNG.19_1,23160,6482,15809,10422
PNG.1_1,17434,6454,11886,7845
PNG.20_1,28003,7284,18514,12602
PNG.21_1,15306,5729,10184,6888
PNG.22_1,10936,3333,7354,4921
PNG.2_1,10530,3890,7054,4739
PNG.3_1,15833,5558,10705,7125
PNG.4_1,30316,7403,19720,13642
PNG.5_1,6651,2835,4476,2993
PNG.6_1,10428,4005,7003,4692
PNG.7_1,14960,5251,10110,6732
PNG.8_1,11278,3761,7616,5075
PNG.9_1,19861,6790,13642,8938
PRI.10_1,3398,942,2245,1529
PRI.11_1,3398,942,2245,1529
PRI.12_1,2022,836,1366,910
PRI.13_1,3404,945,2249,1531
PRI.14_1,5571,1820,3619,2507
PRI.15_1,5868,2356,3927,2641
PRI.16_1,5643,2227,3774,2539
PRI.17_1,3398,942,2245,1529
PRI.18_1,3398,942,2245,1529
PRI.19_1,5868,2356,3927,2641
PRI.1_1,5571,1820,3619,2507
PRI.20_1,4864,1534,3172,2189
PRI.21_1,3398,942,2245,1529
PRI.22_1,3398,942,2245,1529
PRI.23_1,3398,942,2245,1529
PRI.24_1,3398,942,2245,1529
PRI.25_1,796,256,536,358
PRI.26_1,3398,942,2245,1529
PRI.27_1,5868,2356,3927,2641
PRI.28_1,5571,1820,3619,2507
PRI.29_1,2219,663,1452,998
PRI.2_1,2548,1146,1721,1147
PRI.30_1,2276,593,1505,1024
PRI.31_1,4651,1503,3024,2093
PRI.32_1,3398,942,2245,1529
PRI.33_1,5334,2050,3563,2400
PRI.34_1,5571,1820,3619,2507
PRI.35_1,2548,1146,1721,1147
PRI.36_1,5868,2356,3927,2641
PRI.37_1,3773,1373,2481,1698
PRI.38_1,5571,1820,3619,2507
PRI.39_1,4049,1232,2650,1822
PRI.3_1,2422,1083,1635,1090
PRI.40_1,5868,2356,3927,2641
PRI.41_1,2324,872,1551,1046
PRI.42_1,5571,1820,3619,2507
PRI.43_1,4372,1553,2866,1968
PRI.44_1,5868,2356,3927,2641
PRI.45_1,5868,2356,3927,2641
PRI.46_1,5868,2356,3927,2641
PRI.47_1,4288,1301,2807,1930
PRI.48_1,5168,1730,3365,2326
PRI.49_1,5070,2011,3393,2281
PRI.4_1,3398,942,2245,1529
PRI.50_1,1939,835,1310,872
PRI.51_1,2548,1146,1721,1147
PRI.52_1,3398,942,2245,1529
PRI.53_1,5868,2356,3927,2641
PRI.54_1,3398,942,2245,1529
PRI.55_1,3615,1030,2382,1627
PRI.56_1,3296,1037,2189,1483
PRI.57_1,5076,1649,3299,2284
PRI.58_1,4762,1541,3096,2143
PRI.59_1,5571,1820,3619,2507
PRI.5_1,3398,942,2245,1529
PRI.60_1,2548,1146,1721,1147
PRI.61_1,5868,2356,3927,2641
PRI.62_1,5571,1820,3619,2507
PRI.63_1,2463,651,1628,1108
PRI.64_1,3034,1254,2026,1365
PRI.65_1,3418,953,2259,1538
PRI.66_1,5305,2034,3544,2387
PRI.67_1,4688,1623,3064,2109
PRI.68_1,2094,536,1384,942
PRI.69_1,3398,942,2245,1529
PRI.6_1,2548,1146,1721,1147
PRI.70_1,3398,942,2245,1529
PRI.71_1,4564,1609,3039,2054
PRI.72_1,5571,1820,3619,2507
PRI.73_1,3398,942,2245,1529
PRI.74_1,3398,942,2245,1529
PRI.75_1,2070,784,1388,932
PRI.76_1,3889,1140,2555,1750
PRI.77_1,5841,2341,3909,2628
PRI.78_1,5212,1696,3387,2346
PRI.7_1,5571,1820,3619,2507
PRI.8_1,2194,567,1450,987
PRI.9_1,5571,1820,3619,2507
PRK.10_1,5450,1014,3554,2452
PRK.11_1,4987,1125,3213,2244
PRK.12_1,2270,563,1536,1022
PRK.13_1,2801,515,1912,1260
PRK.14_1,4352,994,2825,1959
PRK.1_1,4028,539,2665,1813
PRK.2_1,2310,450,1553,1040
PRK.3_1,3156,584,2100,1420
PRK.4_1,5959,1090,3858,2682
PRK.5_1,4292,917,2779,1931
PRK.6_1,7084,1136,4574,3188
PRK.7_1,8154,1271,5269,3669
PRK.8_1,8389,1254,5433,3775
PRK.9_1,5594,1014,3634,2517
PRY.10_1,3186,1061,2142,1433
PRY.11_1,5027,1418,3312,2262
PRY.12_1,7214,2104,4787,3246
PRY.13_1,8776,1898,5920,3949
PRY.14_1,4076,1219,2684,1834
PRY.15_1,3712,1190,2450,1670
PRY.16_1,5696,1717,3772,2563
PRY.17_1,1673,921,1122,753
PRY.18_1,3377,948,2242,1520
PRY.1_1,2227,1546,1510,1002
PRY.2_1,11224,2745,7585,5051
PRY.3_1,5969,1816,4006,2686
PRY.4_1,3987,1227,2644,1794
PRY.5_1,994,639,669,447
PRY.6_1,8183,2350,5452,3682
PRY.7_1,6173,1895,4106,2778
PRY.8_1,5764,1801,3907,2594
PRY.9_1,5436,1825,3578,2446
PSE.1_1,1476,221,1010,664
PSE.2_1,1630,438,1123,733
PYF.1_1,4250,1438,2827,1912
PYF.2_1,2698,1113,1791,1214
PYF.3_1,843,212,566,379
PYF.4_1,2894,1151,1916,1302
PYF.5_1,1087,309,725,489
QAT.1_1,561,313,386,252
QAT.2_1,328,20,228,148
QAT.3_1,293,18,204,132
QAT.4_1,587,219,402,264
QAT.5_1,471,140,323,212
QAT.6_1,262,23,183,118
QAT.7_1,346,18,241,156
REU.1_1,14583,2248,9666,6562
REU.2_1,6935,1173,4656,3121
REU.3_1,3935,695,2647,1771
REU.4_1,12057,1882,7991,5425
RWA.1_1,2582,524,1722,1162
RWA.2_1,2634,655,1800,1185
RWA.3_1,5494,3548,3743,2472
RWA.4_1,1770,498,1213,796
RWA.5_1,3124,1545,2107,1406
SAU.10_1,393,14,263,177
SAU.11_1,339,15,230,153
SAU.12_1,176,12,119,79
SAU.13_1,131,4,89,59
SAU.1_1,513,22,342,231
SAU.2_1,369,15,248,166
SAU.3_1,247,8,170,111
SAU.4_1,182,7,125,82
SAU.5_1,230,9,157,103
SAU.6_1,469,25,323,211
SAU.7_1,272,18,187,122
SAU.8_1,422,190,290,190
SAU.9_1,355,13,243,160
SDN.10_1,98,78,68,44
SDN.11_1,97,8,66,44
SDN.12_1,148,101,103,67
SDN.13_1,824,693,551,371
SDN.14_1,418,172,287,188
SDN.15_1,370,181,255,167
SDN.16_1,520,195,357,234
SDN.17_1,124,71,86,56
SDN.18_1,1471,1367,1028,662
SDN.1_1,336,330,235,151
SDN.2_1,338,194,230,152
SDN.3_1,629,348,427,283
SDN.4_1,616,195,428,277
SDN.5_1,188,130,129,85
SDN.6_1,258,42,177,116
SDN.7_1,616,533,424,277
SDN.8_1,441,91,304,198
SDN.9_1,347,106,239,156
SEN.10_1,3356,3127,2301,1510
SEN.11_1,4533,1920,3124,2040
SEN.12_1,1496,764,1010,674
SEN.13_1,589,279,388,265
SEN.14_1,6111,2384,4095,2750
SEN.1_1,634,200,427,285
SEN.2_1,654,251,452,294
SEN.3_1,1763,1184,1151,793
SEN.4_1,1488,1051,998,670
SEN.5_1,1371,771,900,617
SEN.6_1,2543,1110,1753,1144
SEN.7_1,3832,2004,2592,1724
SEN.8_1,525,268,357,236
SEN.9_1,1968,1432,1371,886
SHN.1_1,0,0,0,0
SHN.2_1,0,0,0,0
SHN.3_1,8794,2908,5835,3957
SLB.10_1,7531,2502,5086,3389
SLB.1_1,7435,2851,4861,3346
SLB.2_1,11770,4250,8170,5296
SLB.3_1,9011,2716,5987,4055
SLB.4_1,8442,2725,5470,3799
SLB.5_1,12189,4086,8104,5485
SLB.6_1,14263,4207,9711,6418
SLB.7_1,10989,4519,7424,4945
SLB.8_1,4847,1668,3217,2181
SLB.9_1,4321,1828,2906,1944
SLE.1_1,9270,3528,6343,4172
SLE.2_1,12851,3877,8832,5783
SLE.3_1,12090,3788,8291,5440
SLE.4_1,19582,4042,13556,8812
SLV.10_1,8352,2472,5727,3758
SLV.11_1,7819,2582,5370,3518
SLV.12_1,7286,2267,5010,3279
SLV.13_1,8579,2598,5896,3860
SLV.14_1,5118,1957,3519,2303
SLV.1_1,8285,2727,5693,3728
SLV.2_1,8550,2687,5872,3848
SLV.3_1,6935,2068,4754,3121
SLV.4_1,8427,2558,5782,3792
SLV.5_1,8389,2509,5754,3775
SLV.6_1,7008,2471,4813,3153
SLV.7_1,3511,1204,2420,1580
SLV.8_1,5267,1737,3608,2370
SLV.9_1,4926,1755,3384,2217
SOM.10_1,1066,858,721,480
SOM.11_1,379,48,263,171
SOM.12_1,401,36,276,180
SOM.13_1,513,44,349,231
SOM.14_1,930,545,625,419
SOM.15_1,823,745,559,370
SOM.16_1,530,55,365,239
SOM.17_1,287,60,193,129
SOM.18_1,362,25,245,163
SOM.1_1,870,63,570,391
SOM.2_1,277,81,193,125
SOM.3_1,1839,1704,1212,828
SOM.4_1,250,19,171,113
SOM.5_1,316,125,220,142
SOM.6_1,219,41,152,99
SOM.7_1,378,143,255,170
SOM.8_1,840,674,574,378
SOM.9_1,1233,1031,830,555
SSD.10_1,1859,980,1273,836
SSD.1_1,1430,738,978,643
SSD.2_1,382,195,258,172
SSD.3_1,4939,4749,3442,2223
SSD.4_1,987,712,680,444
SSD.5_1,1288,648,886,580
SSD.6_1,3897,3805,2716,1754
SSD.7_1,1704,1419,1166,767
SSD.8_1,1305,801,896,587
SSD.9_1,1810,977,1241,814
STP.1_1,3149,1159,2072,1417
STP.2_1,1086,303,739,489
SUR.10_1,2844,1789,1858,1280
SUR.1_1,6204,2560,4133,2792
SUR.2_1,3281,1881,2176,1476
SUR.3_1,1774,1124,1164,798
SUR.4_1,3702,1960,2480,1666
SUR.5_1,2116,1441,1376,952
SUR.6_1,4956,2784,3282,2230
SUR.7_1,2844,1789,1858,1280
SUR.8_1,2166,1285,1420,975
SUR.9_1,7497,2901,5017,3374
SWZ.1_1,2207,411,1496,994
SWZ.2_1,1567,394,1055,705
SWZ.3_1,1594,361,1080,717
SWZ.4_1,808,163,542,363
SYC.10_1,1505,498,1003,677
SYC.11_1,1537,508,1020,692
SYC.12_1,1505,498,1003,677
SYC.13_1,1505,498,1003,677
SYC.14_1,1505,498,1003,677
SYC.15_1,1617,534,1063,728
SYC.16_1,1571,520,1038,707
SYC.17_1,1505,498,1003,677
SYC.18_1,1505,498,1003,677
SYC.19_1,1580,522,1043,711
SYC.1_1,1664,550,1088,749
SYC.20_1,724,173,497,326
SYC.21_1,1505,498,1003,677
SYC.22_1,1664,550,1088,749
SYC.23_1,1505,498,1003,677
SYC.24_1,1505,498,1003,677
SYC.25_1,1505,498,1003,677
SYC.26_1,1645,544,1078,740
SYC.2_1,1522,504,1012,685
SYC.3_1,1505,498,1003,677
SYC.4_1,1664,550,1088,749
SYC.5_1,1664,550,1088,749
SYC.6_1,1533,507,1018,689
SYC.7_1,1630,539,1070,733
SYC.8_1,1505,498,1003,677
SYC.9_1,1505,498,1003,677
SYR.10_1,2080,802,1428,936
SYR.11_1,3556,893,2420,1600
SYR.12_1,897,346,620,404
SYR.13_1,674,229,459,303
SYR.14_1,4397,946,2994,1978
SYR.1_1,660,290,450,297
SYR.2_1,1129,471,765,508
SYR.3_1,1276,1107,888,574
SYR.4_1,156,31,107,70
SYR.5_1,2174,794,1491,978
SYR.6_1,242,88,166,109
SYR.7_1,270,75,184,122
SYR.8_1,1077,428,737,484
SYR.9_1,516,187,351,232
TCA.1_1,323,85,222,145
TCA.2_1,323,85,222,145
TCA.3_1,374,101,256,168
TCA.4_1,519,144,352,234
TCA.5_1,323,85,222,145
TCA.6_1,323,85,222,145
TCD.10_1,939,471,617,422
TCD.11_1,5663,3858,3798,2548
TCD.12_1,3193,1878,2177,1437
TCD.13_1,2822,1609,1929,1270
TCD.14_1,7418,6306,5060,3338
TCD.15_1,3879,2031,2642,1746
TCD.16_1,3048,1519,2076,1372
TCD.17_1,739,261,505,332
TCD.18_1,2554,1904,1682,1149
TCD.19_1,1558,1015,1042,701
TCD.1_1,1325,214,912,596
TCD.20_1,4942,2994,3343,2224
TCD.21_1,87,4,61,39
TCD.22_1,12054,11904,8430,5425
TCD.23_1,881,175,602,397
TCD.2_1,1199,661,806,539
TCD.3_1,450,329,305,203
TCD.4_1,4432,3040,3015,1994
TCD.5_1,480,36,334,216
TCD.6_1,194,11,134,87
TCD.7_1,2839,1611,1920,1278
TCD.8_1,3204,2121,2199,1442
TCD.9_1,1486,183,1021,669
TGO.1_1,2121,1144,1465,954
TGO.2_1,3884,2112,2656,1748
TGO.3_1,2334,2135,1586,1051
TGO.4_1,1973,974,1356,888
TGO.5_1,3670,2625,2412,1651
THA.10_1,2657,768,1814,1196
THA.11_1,5216,1710,3572,2347
THA.12_1,3403,1417,2307,1532
THA.13_1,14436,4028,9721,6496
THA.14_1,3743,1858,2571,1685
THA.15_1,1687,1093,1168,759
THA.16_1,6407,1774,4372,2883
THA.17_1,2139,1255,1465,962
THA.18_1,8811,3781,5915,3965
THA.19_1,1468,652,1000,661
THA.1_1,7222,3605,4944,3250
THA.20_1,2237,867,1525,1007
THA.21_1,4145,1715,2840,1865
THA.22_1,2270,1055,1519,1022
THA.23_1,3992,1110,2739,1796
THA.24_1,2724,1487,1856,1226
THA.25_1,6393,2613,4385,2877
THA.26_1,5163,1957,3540,2323
THA.27_1,2534,946,1739,1140
THA.28_1,10780,3365,7393,4851
THA.29_1,1554,798,1052,699
THA.2_1,1247,737,826,561
THA.30_1,1489,942,1018,670
THA.31_1,8917,2938,5865,4012
THA.32_1,4285,1366,2915,1928
THA.33_1,10008,3324,6478,4503
THA.34_1,3418,1698,2345,1538
THA.35_1,10099,3380,6923,4544
THA.36_1,2877,1023,1984,1294
THA.37_1,627,231,435,282
THA.38_1,9272,3082,6027,4173
THA.39_1,17910,4742,12077,8059
THA.3_1,1462,514,1009,658
THA.40_1,6977,2542,4608,3140
THA.41_1,2587,1140,1753,1164
THA.42_1,1989,902,1362,895
THA.43_1,3686,1071,2480,1658
THA.44_1,1831,1330,1250,824
THA.45_1,1706,1052,1179,768
THA.46_1,706,273,486,318
THA.47_1,1900,879,1311,855
THA.48_1,9590,3174,6511,4316
THA.49_1,3876,1752,2639,1744
THA.4_1,19013,4052,13172,8556
THA.50_1,3220,1216,2130,1449
THA.51_1,21168,5313,14290,9525
THA.52_1,2033,818,1375,915
THA.53_1,6362,2396,4380,2863
THA.54_1,3486,1778,2408,1569
THA.55_1,3801,1789,2612,1710
THA.56_1,9808,3565,6755,4414
THA.57_1,824,290,568,371
THA.58_1,3434,1227,2364,1545
THA.59_1,1642,787,1092,739
THA.5_1,2336,1280,1578,1051
THA.60_1,2853,1118,1942,1284
THA.61_1,7110,2890,4708,3200
THA.62_1,4674,2285,3214,2103
THA.63_1,1261,771,837,568
THA.64_1,5741,2008,3780,2583
THA.65_1,2044,1255,1421,920
THA.66_1,1261,620,837,567
THA.67_1,10150,3546,6798,4567
THA.68_1,3465,1827,2384,1559
THA.69_1,5118,1510,3517,2303
THA.6_1,4423,1887,3029,1990
THA.70_1,8935,3424,6007,4021
THA.71_1,22310,4750,15237,10040
THA.72_1,8161,3710,5597,3673
THA.73_1,6465,2744,4410,2909
THA.74_1,1974,970,1363,888
THA.75_1,3257,1458,2258,1466
THA.76_1,7654,2746,4945,3444
THA.77_1,3969,2013,2736,1786
THA.7_1,1705,1076,1162,768
THA.8_1,1379,743,931,620
THA.9_1,13360,3874,9280,6012
TJK.1_1,3474,523,2353,1563
TJK.2_1,1742,186,1160,784
TJK.3_1,3622,1311,2434,1630
TJK.4_1,2460,686,1640,1107
TJK.5_1,5372,902,3561,2417
TKL.1_1,9392,2762,6084,4226
TKL.2_1,9132,2722,5925,4110
TKL.3_1,9247,2768,5997,4161
TKM.1_1,228,36,156,102
TKM.2_1,829,318,564,373
TKM.3_1,247,50,167,111
TKM.4_1,463,306,320,208
TKM.5_1,194,51,133,87
TKM.6_1,161,37,110,72
TLS.10_1,4869,1711,3353,2191
TLS.11_1,1963,841,1344,883
TLS.12_1,3360,1105,2298,1512
TLS.13_1,2357,944,1616,1061
TLS.1_1,1968,832,1349,886
TLS.2_1,3722,1207,2542,1675
TLS.3_1,4613,1371,3155,2076
TLS.4_1,2648,1045,1815,1191
TLS.5_1,5011,1687,3417,2255
TLS.6_1,5175,1604,3474,2328
TLS.7_1,1799,781,1232,810
TLS.8_1,4831,1699,3326,2174
TLS.9_1,2293,817,1569,1032
TON.1_1,4124,1080,2684,1856
TON.2_1,2116,1163,1391,952
TON.3_1,6605,2041,4369,2972
TON.4_1,4124,1080,2684,1856
TON.5_1,2079,1155,1360,935
TTO.10_1,4071,2436,2756,1832
TTO.11_1,4994,1888,3343,2247
TTO.12_1,4923,1986,3300,2215
TTO.13_1,2880,1371,1984,1296
TTO.14_1,1582,830,1079,712
TTO.15_1,5061,1913,3388,2277
TTO.1_1,5061,1913,3388,2277
TTO.2_1,5060,1913,3387,2277
TTO.3_1,4290,2322,2896,1930
TTO.4_1,1519,579,1031,684
TTO.5_1,4073,2437,2757,1833
TTO.6_1,4024,2394,2726,1811
TTO.7_1,2814,1313,1941,1266
TTO.8_1,1778,677,1203,800
TTO.9_1,4073,2437,2757,1833
TUN.10_1,1112,694,750,500
TUN.11_1,610,184,414,275
TUN.12_1,616,265,417,277
TUN.13_1,1263,632,851,568
TUN.14_1,1249,378,850,562
TUN.15_1,1073,515,729,483
TUN.16_1,1842,789,1240,829
TUN.17_1,391,114,264,176
TUN.18_1,432,64,287,194
TUN.19_1,736,178,498,331
TUN.1_1,4845,3884,3218,2180
TUN.20_1,1139,673,754,513
TUN.21_1,415,29,282,187
TUN.22_1,3532,3246,2382,1589
TUN.23_1,2393,1250,1555,1077
TUN.24_1,1135,361,759,511
TUN.2_1,1741,784,1177,784
TUN.3_1,2358,1228,1533,1061
TUN.4_1,4112,2174,2757,1850
TUN.5_1,1005,269,679,452
TUN.6_1,751,285,506,338
TUN.7_1,2583,918,1766,1162
TUN.8_1,609,266,407,274
TUN.9_1,363,74,240,163
TUR.10_1,7401,860,4960,3330
TUR.11_1,2039,348,1396,918
TUR.12_1,2740,621,1866,1233
TUR.13_1,5883,1949,3940,2647
TUR.14_1,4568,1423,3130,2056
TUR.15_1,2187,415,1468,984
TUR.16_1,1415,214,960,637
TUR.17_1,4929,997,3330,2218
TUR.18_1,4487,1071,3060,2019
TUR.19_1,2374,692,1584,1068
TUR.1_1,3867,946,2626,1740
TUR.20_1,2088,552,1413,939
TUR.21_1,3404,1048,2316,1532
TUR.22_1,3244,970,2216,1460
TUR.23_1,1030,140,699,464
TUR.24_1,1164,283,789,524
TUR.25_1,1791,416,1225,806
TUR.26_1,4217,1399,2888,1898
TUR.27_1,3333,1286,2218,1500
TUR.28_1,2801,1179,1902,1261
TUR.29_1,3735,1722,2532,1681
TUR.2_1,1706,735,1172,768
TUR.30_1,3134,721,2102,1410
TUR.31_1,2680,579,1782,1206
TUR.32_1,1000,476,670,450
TUR.33_1,2638,778,1790,1187
TUR.34_1,3703,546,2501,1666
TUR.35_1,2138,347,1440,962
TUR.36_1,3798,482,2573,1709
TUR.37_1,4699,1160,3190,2115
TUR.38_1,732,90,497,329
TUR.39_1,2676,943,1821,1204
TUR.3_1,1061,401,716,477
TUR.40_1,3601,1471,2448,1621
TUR.41_1,3327,751,2277,1497
TUR.42_1,3506,882,2392,1578
TUR.43_1,3904,1016,2608,1757
TUR.44_1,2353,540,1585,1059
TUR.45_1,1727,490,1166,777
TUR.46_1,2717,883,1830,1223
TUR.47_1,1114,301,758,502
TUR.48_1,2331,548,1590,1049
TUR.49_1,1958,1375,1345,881
TUR.4_1,1704,442,1145,767
TUR.50_1,2073,929,1400,933
TUR.51_1,1340,794,883,603
TUR.52_1,3533,1434,2372,1590
TUR.53_1,1546,642,1051,696
TUR.54_1,1769,435,1207,796
TUR.55_1,1156,474,789,520
TUR.56_1,1903,369,1294,856
TUR.57_1,1738,620,1191,782
TUR.58_1,4148,1175,2792,1866
TUR.59_1,4553,717,3132,2049
TUR.5_1,803,526,534,362
TUR.60_1,3624,1195,2436,1631
TUR.61_1,639,167,437,288
TUR.62_1,1688,319,1147,760
TUR.63_1,4053,804,2729,1824
TUR.64_1,4871,1506,3298,2192
TUR.65_1,11739,1380,7878,5282
TUR.66_1,3399,1498,2283,1529
TUR.67_1,2463,1037,1665,1108
TUR.68_1,1958,1378,1356,882
TUR.69_1,5660,1199,3871,2547
TUR.6_1,968,120,659,436
TUR.70_1,2772,936,1865,1247
TUR.71_1,4876,1032,3321,2194
TUR.72_1,1264,269,863,569
TUR.73_1,2700,1100,1836,1215
TUR.74_1,1731,213,1172,779
TUR.75_1,4346,548,2896,1956
TUR.76_1,4251,812,2910,1913
TUR.77_1,1044,344,711,470
TUR.78_1,2561,536,1715,1152
TUR.79_1,3529,1327,2399,1588
TUR.7_1,1601,774,1082,720
TUR.80_1,1310,322,890,590
TUR.81_1,5828,1930,3916,2623
TUR.8_1,5243,1014,3590,2360
TUR.9_1,2413,550,1614,1086
TUV.1_1,8975,3270,5759,4039
TUV.2_1,10340,2928,6642,4653
TUV.3_1,9792,2743,6294,4407
TUV.4_1,8611,3180,5787,3875
TUV.5_1,7407,2856,4789,3333
TUV.6_1,8269,3060,5340,3721
TUV.7_1,8239,2992,5326,3708
TUV.8_1,9082,3309,5821,4087
TUV.9_1,7758,2797,5029,3491
TZA.10_1,2144,1129,1478,965
TZA.11_1,1122,521,756,505
TZA.12_1,2135,1128,1422,961
TZA.13_1,2831,1390,1945,1274
TZA.14_1,3164,1439,2169,1424
TZA.15_1,4208,1877,2893,1894
TZA.16_1,2021,890,1374,909
TZA.17_1,3042,1288,2108,1369
TZA.18_1,1104,290,760,497
TZA.19_1,1104,290,760,497
TZA.1_1,1201,505,805,540
TZA.20_1,2118,1301,1427,953
TZA.21_1,2593,1622,1794,1167
TZA.22_1,2953,1640,2050,1329
TZA.23_1,1875,1064,1276,844
TZA.24_1,2457,898,1662,1106
TZA.25_1,1063,562,720,478
TZA.26_1,1717,918,1173,773
TZA.27_1,1560,550,1048,702
TZA.28_1,2577,1094,1701,1159
TZA.29_1,4794,1521,3150,2158
TZA.2_1,1472,563,992,662
TZA.30_1,5751,1780,3770,2588
TZA.31_1,3420,1487,2354,1539
TZA.3_1,891,381,602,401
TZA.4_1,1962,1001,1342,883
TZA.5_1,1504,877,1035,677
TZA.6_1,3037,1541,2046,1367
TZA.7_1,2388,1579,1637,1074
TZA.8_1,1644,1212,1128,740
TZA.9_1,2570,1532,1719,1156
UGA.10_1,885,451,594,398
UGA.11_1,957,450,638,431
UGA.12_1,2630,741,1762,1184
UGA.13_1,867,382,590,390
UGA.14_1,672,355,453,302
UGA.15_1,1127,602,737,507
UGA.16_1,4071,2264,2714,1832
UGA.17_1,1262,682,850,568
UGA.18_1,1004,480,682,452
UGA.19_1,1181,635,797,531
UGA.1_1,3533,3165,2466,1590
UGA.20_1,2410,1008,1643,1084
UGA.21_1,488,225,333,220
UGA.22_1,1666,1086,1124,750
UGA.23_1,764,405,506,344
UGA.24_1,640,376,430,288
UGA.25_1,751,365,506,338
UGA.26_1,1746,470,1160,786
UGA.27_1,1398,613,955,629
UGA.28_1,238,70,159,107
UGA.29_1,2036,1707,1399,916
UGA.2_1,884,426,600,398
UGA.30_1,1207,590,808,543
UGA.31_1,705,558,474,317
UGA.32_1,726,384,482,327
UGA.33_1,1604,746,1081,722
UGA.34_1,589,328,396,265
UGA.35_1,3528,1969,2362,1588
UGA.36_1,684,374,458,308
UGA.37_1,2742,1408,1828,1234
UGA.38_1,1337,689,881,602
UGA.39_1,2699,1283,1799,1214
UGA.3_1,1594,733,1078,717
UGA.40_1,563,242,377,253
UGA.41_1,2402,1637,1655,1080
UGA.42_1,3795,1939,2528,1708
UGA.43_1,2322,1064,1547,1045
UGA.44_1,2810,1533,1872,1265
UGA.45_1,746,380,496,336
UGA.46_1,827,412,555,372
UGA.47_1,1531,676,1030,689
UGA.48_1,3989,1381,2664,1795
UGA.49_1,2166,988,1478,975
UGA.4_1,2191,1109,1462,986
UGA.50_1,2554,2354,1783,1149
UGA.51_1,2860,1595,1913,1287
UGA.52_1,1360,674,916,612
UGA.53_1,3786,1832,2517,1704
UGA.54_1,669,332,445,301
UGA.55_1,1959,1477,1335,882
UGA.56_1,1472,744,971,662
UGA.57_1,3707,2087,2464,1668
UGA.58_1,1890,865,1289,851
UGA.5_1,740,320,502,333
UGA.6_1,1790,682,1202,806
UGA.7_1,4081,2215,2707,1837
UGA.8_1,1879,900,1292,845
UGA.9_1,939,606,630,423
UMI.1_1,1313,372,868,591
UMI.2_1,1313,372,868,591
UMI.3_1,1313,372,868,591
UMI.4_1,240,81,163,108
UMI.5_1,1313,372,868,591
UMI.6_1,1581,534,1045,712
UMI.7_1,3006,774,1984,1353
UMI.8_1,1313,372,868,591
UMI.9_1,424,100,282,191
URY.10_2,4409,1235,2930,1984
URY.11_2,5924,1472,3924,2666
URY.12_2,5359,1409,3582,2412
URY.13_2,6763,1634,4498,3043
URY.14_2,5654,1599,3778,2545
URY.15_2,7145,1244,4734,3215
URY.16_2,5745,1354,3800,2585
URY.17_2,4728,1286,3154,2128
URY.18_2,5599,1348,3734,2519
URY.19_2,6662,1782,4443,2998
URY.1_2,7929,1251,5327,3568
URY.2_2,5200,1448,3457,2340
URY.3_2,5673,1660,3785,2553
URY.4_2,4770,1221,3192,2147
URY.5_2,5713,1533,3882,2571
URY.6_2,4810,1221,3222,2164
URY.7_2,7796,1828,5300,3508
URY.8_2,7181,1672,4805,3232
URY.9_2,6275,1636,4160,2824
UZB.10_1,623,292,422,280
UZB.11_1,768,412,511,346
UZB.12_1,1391,553,941,626
UZB.13_1,2024,1144,1380,911
UZB.14_1,4742,1015,3191,2134
UZB.1_1,257,132,174,116
UZB.2_1,378,228,259,170
UZB.3_1,257,194,174,116
UZB.4_1,869,234,596,391
UZB.5_1,200,105,137,90
UZB.6_1,709,235,483,319
UZB.7_1,602,554,420,271
UZB.8_1,949,347,645,427
UZB.9_1,92,27,63,41
VCT.1_1,936,329,632,421
VCT.2_1,936,329,632,421
VCT.3_1,936,329,632,421
VCT.4_1,936,329,632,421
VCT.5_1,936,329,632,421
VCT.6_1,936,329,632,421
VEN.10_1,646,102,438,291
VEN.11_1,2328,569,1567,1047
VEN.12_1,797,365,528,358
VEN.13_1,4299,2089,2924,1935
VEN.14_1,1694,626,1142,762
VEN.15_1,5429,1393,3647,2443
VEN.16_1,2656,1033,1789,1196
VEN.17_1,1919,1282,1277,863
VEN.18_1,54,29,37,24
VEN.19_1,5844,2419,3955,2630
VEN.1_1,17807,5595,11834,8013
VEN.20_1,3517,1660,2370,1583
VEN.21_1,10328,2920,6894,4648
VEN.22_1,2447,738,1625,1101
VEN.23_1,2283,454,1528,1027
VEN.24_1,1952,771,1310,878
VEN.25_1,2981,1201,1999,1341
VEN.2_1,2418,1698,1622,1088
VEN.3_1,5487,2157,3721,2469
VEN.4_1,3413,1733,2294,1536
VEN.5_1,6649,2533,4521,2992
VEN.6_1,11131,3735,7427,5009
VEN.7_1,2765,1537,1852,1244
VEN.8_1,5937,2528,4021,2672
VEN.9_1,3092,1944,2049,1391
VGB.1_1,538,202,360,242
VGB.2_1,538,202,360,242
VGB.3_1,538,202,360,242
VGB.4_1,538,202,360,242
VGB.5_1,530,197,354,238
VIR.1_1,420,134,278,189
VIR.2_1,538,202,360,242
VIR.3_1,567,208,379,255
VNM.10_1,12954,3575,8912,5829
VNM.11_1,5824,2490,3966,2620
VNM.12_1,545,188,369,245
VNM.13_1,6755,1591,4588,3040
VNM.14_1,6839,1509,4535,3078
VNM.15_1,10348,3411,7000,4657
VNM.16_1,12590,4093,8525,5665
VNM.17_1,9134,3404,6245,4111
VNM.18_1,1351,503,927,608
VNM.19_1,17240,2611,11415,7758
VNM.1_1,686,258,465,309
VNM.20_1,8183,1587,5459,3682
VNM.21_1,10060,2507,6824,4527
VNM.22_1,1429,525,959,643
VNM.23_1,1133,291,772,510
VNM.24_1,4501,1540,3048,2026
VNM.25_1,6079,2689,4182,2735
VNM.26_1,12735,2214,8493,5731
VNM.27_1,7136,2361,4876,3211
VNM.28_1,5132,1502,3518,2310
VNM.29_1,11949,2154,7850,5377
VNM.2_1,5813,1797,3964,2616
VNM.30_1,6770,1969,4609,3047
VNM.31_1,1778,541,1224,800
VNM.32_1,7713,1726,5114,3471
VNM.33_1,5006,1589,3401,2252
VNM.34_1,10147,2363,6871,4566
VNM.35_1,4367,1432,2908,1966
VNM.36_1,10823,1727,7204,4870
VNM.37_1,9381,3120,6323,4222
VNM.38_1,9304,1695,6175,4187
VNM.39_1,4830,1993,3320,2174
VNM.3_1,5353,1829,3603,2409
VNM.40_1,3150,741,2133,1417
VNM.41_1,7163,1578,4810,3223
VNM.42_1,7037,1938,4789,3166
VNM.43_1,4849,1384,3237,2182
VNM.44_1,6405,2110,4334,2882
VNM.45_1,9165,1621,6136,4124
VNM.46_1,10006,1752,6588,4503
VNM.47_1,17934,2473,11786,8070
VNM.48_1,13917,1962,9279,6263
VNM.49_1,8127,2279,5444,3657
VNM.4_1,4957,1237,3282,2230
VNM.50_1,11743,2275,7738,5284
VNM.51_1,4411,1578,3004,1985
VNM.52_1,5426,1024,3635,2442
VNM.53_1,8418,3561,5751,3788
VNM.54_1,16503,2101,10930,7426
VNM.55_1,1028,232,696,463
VNM.56_1,5624,2034,3772,2531
VNM.57_1,7901,2085,5331,3556
VNM.58_1,900,389,619,405
VNM.59_1,3366,1323,2303,1515
VNM.5_1,4979,1868,3348,2241
VNM.60_1,8901,2241,5968,4006
VNM.61_1,558,209,379,251
VNM.62_1,6994,2471,4749,3148
VNM.63_1,7063,1725,4692,3178
VNM.6_1,1202,391,816,541
VNM.7_1,8494,3461,5851,3822
VNM.8_1,10953,1553,7299,4929
VNM.9_1,9650,4120,6626,4343
VUT.1_1,5834,2227,3832,2625
VUT.2_1,11939,3200,7925,5372
VUT.3_1,9772,2984,6460,4397
VUT.4_1,5209,1908,3390,2344
VUT.5_1,5320,1548,3510,2394
VUT.6_1,12568,3236,8343,5655
WLF.1_1,8053,2503,5316,3624
WLF.2_1,8053,2503,5316,3624
WLF.3_1,8527,2669,5641,3837
WSM.10_1,7766,2639,5236,3495
WSM.11_1,6094,1783,4026,2742
WSM.1_1,7451,2553,4994,3353
WSM.2_1,6087,2183,3945,2739
WSM.3_1,7253,2544,4884,3264
WSM.4_1,6087,2183,3945,2739
WSM.5_1,6219,2220,4048,2798
WSM.6_1,6089,2038,3975,2740
WSM.7_1,6089,2055,3971,2740
WSM.8_1,6091,1910,4001,2741
WSM.9_1,7688,2624,5182,3460
YEM.10_1,276,21,187,124
YEM.11_1,852,64,577,384
YEM.12_1,156,8,106,70
YEM.13_1,266,19,177,120
YEM.14_1,1874,140,1279,843
YEM.15_1,788,70,531,354
YEM.16_1,204,12,138,92
YEM.17_1,624,26,408,281
YEM.18_1,321,19,215,144
YEM.19_1,353,26,238,159
YEM.1_1,289,23,195,130
YEM.20_1,141,6,95,64
YEM.21_1,1340,91,913,603
YEM.2_1,186,18,124,83
YEM.3_1,369,49,250,166
YEM.4_1,1039,99,712,468
YEM.5_1,428,25,285,193
YEM.6_1,201,12,137,90
YEM.7_1,153,8,104,69
YEM.8_1,252,14,168,113
YEM.9_1,385,32,261,173
ZAF.1_1,786,237,523,354
ZAF.2_1,270,130,182,121
ZAF.3_1,419,188,286,189
ZAF.4_1,1239,377,821,558
ZAF.5_1,487,113,332,219
ZAF.6_1,689,188,467,310
ZAF.7_1,236,74,159,106
ZAF.8_1,108,40,73,49
ZAF.9_1,544,113,368,244
ZMB.10_1,1508,1169,1037,679
ZMB.1_1,2242,1508,1544,1009
ZMB.2_1,2553,1150,1772,1149
ZMB.3_1,2038,969,1395,917
ZMB.4_1,2299,1113,1591,1034
ZMB.5_1,1641,1073,1121,738
ZMB.6_1,2193,1357,1508,987
ZMB.7_1,2120,1214,1457,954
ZMB.8_1,2706,1592,1872,1218
ZMB.9_1,2828,2412,1968,1273
ZWE.10_1,724,238,497,326
ZWE.1_1,384,89,259,173
ZWE.2_1,1744,447,1192,785
ZWE.3_1,2435,542,1656,1096
ZWE.4_1,1545,437,1066,695
ZWE.5_1,1396,338,962,628
ZWE.6_1,3438,2871,2394,1547
ZWE.7_1,966,360,646,435
ZWE.8_1,470,249,325,212
ZWE.9_1,296,104,200,133
